year,country_origin,value
1994,AD,2.0
1995,AD,2.0
1996,AD,3.0
1997,AD,1.0
1998,AD,2.0
1999,AD,3.0
2000,AD,3.0
2001,AD,8.0
2002,AD,13.0
2003,AD,13.0
2004,AD,7.0
2005,AD,12.0
2006,AD,11.0
2007,AD,12.0
2008,AD,9.0
2009,AD,8.0
2010,AD,8.0
2011,AD,6.0
2012,AD,7.0
2013,AD,5.0
2014,AD,7.0
2015,AD,9.0
1997,AE,4.0
1998,AE,7.0
1999,AE,7.0
2000,AE,25.0
2001,AE,49.0
2002,AE,69.0
2003,AE,45.0
2004,AE,82.0
2005,AE,46.0
2006,AE,277.0
2007,AE,318.0
2008,AE,267.0
2009,AE,440.0
2010,AE,453.0
2011,AE,500.0
2012,AE,608.0
2013,AE,156.0
2014,AE,170.0
2015,AE,204.0
2016,AE,254.0
1985,AF,4654343.0
1986,AF,5095453.0
1987,AF,5511740.0
1988,AF,5623642.0
1989,AF,5644909.0
1990,AF,6360675.0
1991,AF,6484571.0
1992,AF,6129086.0
1993,AF,3376455.0
1994,AF,3060507.0
1995,AF,3027487.0
1996,AF,2832962.0
1997,AF,2763177.0
1998,AF,2776334.0
1999,AF,2954722.0
2000,AF,4020160.0
2001,AF,3966691.0
2002,AF,4594978.0
2003,AF,2908231.0
2004,AF,3411302.0
2005,AF,3032628.0
2006,AF,2610785.0
2007,AF,3448016.0
2008,AF,3136897.0
2009,AF,2976610.0
2010,AF,3211033.0
2011,AF,2776321.0
2012,AF,2748246.0
2013,AF,2671814.0
2014,AF,2706606.0
2015,AF,2986659.0
2016,AF,3257811.0
1997,AG,1.0
1998,AG,2.0
1999,AG,2.0
2000,AG,9.0
2001,AG,13.0
2002,AG,46.0
2003,AG,31.0
2004,AG,28.0
2005,AG,24.0
2006,AG,28.0
2007,AG,25.0
2008,AG,52.0
2009,AG,70.0
2010,AG,61.0
2011,AG,65.0
2012,AG,79.0
2013,AG,78.0
2014,AG,70.0
2015,AG,68.0
2016,AG,105.0
2014,AI,1.0
2015,AI,1.0
1985,AL,3067.0
1986,AL,90.0
1987,AL,189.0
1988,AL,358.0
1989,AL,367.0
1990,AL,2502.0
1991,AL,4420.0
1992,AL,4825.0
1993,AL,4752.0
1994,AL,5027.0
1995,AL,5804.0
1996,AL,5788.0
1997,AL,5383.0
1998,AL,5357.0
1999,AL,6293.0
2000,AL,9620.0
2001,AL,11604.0
2002,AL,15756.0
2003,AL,14920.0
2004,AL,13807.0
2005,AL,15302.0
2006,AL,16369.0
2007,AL,16982.0
2008,AL,16829.0
2009,AL,17303.0
2010,AL,16168.0
2011,AL,16367.0
2012,AL,17069.0
2013,AL,20881.0
2014,AL,25370.0
2015,AL,52571.0
2016,AL,34821.0
1985,AM,333.0
1986,AM,528.0
1987,AM,208.0
1988,AM,301.0
1989,AM,1.0
1990,AM,1.0
1991,AM,1.0
1992,AM,195003.0
1993,AM,200116.0
1994,AM,201842.0
1995,AM,201443.0
1996,AM,203245.0
1997,AM,203690.0
1998,AM,193581.0
1999,AM,193231.0
2000,AM,11015.0
2001,AM,13287.0
2002,AM,18918.0
2003,AM,18129.0
2004,AM,17460.0
2005,AM,18317.0
2006,AM,20319.0
2007,AM,19419.0
2008,AM,20109.0
2009,AM,22081.0
2010,AM,20504.0
2011,AM,19144.0
2012,AM,18825.0
2013,AM,17378.0
2014,AM,18809.0
2015,AM,19730.0
2016,AM,23776.0
1985,AO,318022.0
1986,AO,355742.0
1987,AO,392153.0
1988,AO,408906.0
1989,AO,414922.0
1990,AO,414760.0
1991,AO,416916.0
1992,AO,385273.0
1993,AO,325149.0
1994,AO,282626.0
1995,AO,259783.0
1996,AO,250236.0
1997,AO,321704.0
1998,AO,341229.0
1999,AO,373430.0
2000,AO,447956.0
2001,AO,493600.0
2002,AO,534745.0
2003,AO,474278.0
2004,AO,328645.0
2005,AO,277949.0
2006,AO,255099.0
2007,AO,198970.0
2008,AO,185187.0
2009,AO,144170.0
2010,AO,136078.0
2011,AO,133414.0
2012,AO,136546.0
2013,AO,110198.0
2014,AO,89743.0
2015,AO,54755.0
2016,AO,33056.0
1985,AR,101.0
1986,AR,52.0
1987,AR,47.0
1988,AR,46.0
1989,AR,103.0
1990,AR,334.0
1991,AR,198.0
1992,AR,113.0
1993,AR,103.0
1994,AR,471.0
1995,AR,338.0
1996,AR,217.0
1997,AR,159.0
1998,AR,143.0
1999,AR,586.0
2000,AR,2172.0
2001,AR,2112.0
2002,AR,2104.0
2003,AR,1919.0
2004,AR,1307.0
2005,AR,1148.0
2006,AR,1073.0
2007,AR,1292.0
2008,AR,1191.0
2009,AR,765.0
2010,AR,647.0
2011,AR,578.0
2012,AR,495.0
2013,AR,472.0
2014,AR,435.0
2015,AR,364.0
2016,AR,319.0
1994,AT,60.0
1995,AT,49.0
1996,AT,52.0
1997,AT,55.0
1998,AT,60.0
1999,AT,48.0
2000,AT,38.0
2001,AT,32.0
2002,AT,83.0
2003,AT,76.0
2004,AT,52.0
2005,AT,70.0
2006,AT,49.0
2007,AT,28.0
2008,AT,16.0
2009,AT,14.0
2010,AT,13.0
2011,AT,13.0
2012,AT,18.0
2013,AT,19.0
2014,AT,14.0
2015,AT,8.0
1994,AU,2.0
1995,AU,1.0
1996,AU,1.0
1997,AU,2.0
1998,AU,1.0
1999,AU,2.0
2000,AU,5.0
2001,AU,7.0
2002,AU,23.0
2003,AU,20.0
2004,AU,25.0
2005,AU,47.0
2006,AU,36.0
2007,AU,63.0
2008,AU,52.0
2009,AU,36.0
2010,AU,47.0
2011,AU,47.0
2012,AU,54.0
2013,AU,39.0
2014,AU,32.0
2015,AU,25.0
2016,AU,5.0
2010,AW,1.0
1992,AZ,300000.0
1993,AZ,328005.0
1994,AZ,328095.0
1995,AZ,239520.0
1996,AZ,236097.0
1997,AZ,234950.0
1998,AZ,330275.0
1999,AZ,311169.0
2000,AZ,289589.0
2001,AZ,274522.0
2002,AZ,265218.0
2003,AZ,257885.0
2004,AZ,254541.0
2005,AZ,237801.0
2006,AZ,129167.0
2007,AZ,17818.0
2008,AZ,18191.0
2009,AZ,19410.0
2010,AZ,18825.0
2011,AZ,18355.0
2012,AZ,17730.0
2013,AZ,14437.0
2014,AZ,15100.0
2015,AZ,14940.0
2016,AZ,18162.0
1992,BA,797081.0
1993,BA,819329.0
1994,BA,874389.0
1995,BA,855328.0
1996,BA,1314148.0
1997,BA,1205853.0
1998,BA,990132.0
1999,BA,831331.0
2000,BA,721250.0
2001,BA,616623.0
2002,BA,590757.0
2003,BA,420559.0
2004,BA,328356.0
2005,BA,160251.0
2006,BA,230592.0
2007,BA,107513.0
2008,BA,103643.0
2009,BA,96211.0
2010,BA,86449.0
2011,BA,83153.0
2012,BA,73364.0
2013,BA,49151.0
2014,BA,40175.0
2015,BA,35103.0
2016,BA,30356.0
1994,BB,4.0
1995,BB,3.0
1996,BB,2.0
1997,BB,3.0
1998,BB,5.0
1999,BB,4.0
2000,BB,18.0
2001,BB,31.0
2002,BB,70.0
2003,BB,56.0
2004,BB,22.0
2005,BB,29.0
2006,BB,66.0
2007,BB,70.0
2008,BB,83.0
2009,BB,95.0
2010,BB,95.0
2011,BB,120.0
2012,BB,114.0
2013,BB,115.0
2014,BB,106.0
2015,BB,124.0
2016,BB,183.0
1987,BD,2.0
1988,BD,6.0
1989,BD,6.0
1990,BD,477.0
1991,BD,611.0
1992,BD,53921.0
1993,BD,57158.0
1994,BD,56199.0
1995,BD,56957.0
1996,BD,57962.0
1997,BD,60912.0
1998,BD,18078.0
1999,BD,4468.0
2000,BD,8723.0
2001,BD,8997.0
2002,BD,10636.0
2003,BD,13836.0
2004,BD,15077.0
2005,BD,17471.0
2006,BD,11825.0
2007,BD,17578.0
2008,BD,16810.0
2009,BD,12260.0
2010,BD,16559.0
2011,BD,15310.0
2012,BD,18367.0
2013,BD,32624.0
2014,BD,32977.0
2015,BD,42750.0
2016,BD,39714.0
1994,BE,2.0
1995,BE,3.0
1996,BE,5.0
1997,BE,10.0
1998,BE,14.0
1999,BE,16.0
2000,BE,40.0
2001,BE,35.0
2002,BE,51.0
2003,BE,53.0
2004,BE,68.0
2005,BE,117.0
2006,BE,99.0
2007,BE,69.0
2008,BE,89.0
2009,BE,97.0
2010,BE,92.0
2011,BE,94.0
2012,BE,109.0
2013,BE,109.0
2014,BE,98.0
2015,BE,101.0
2016,BE,54.0
1985,BF,90.0
1986,BF,110.0
1987,BF,50.0
1989,BF,2.0
1990,BF,2.0
1991,BF,8.0
1992,BF,61.0
1993,BF,63.0
1994,BF,72.0
1995,BF,63.0
1996,BF,72.0
1997,BF,118.0
1998,BF,105.0
1999,BF,107.0
2000,BF,380.0
2001,BF,341.0
2002,BF,1157.0
2003,BF,1011.0
2004,BF,689.0
2005,BF,818.0
2006,BF,580.0
2007,BF,822.0
2008,BF,1042.0
2009,BF,1367.0
2010,BF,1650.0
2011,BF,1621.0
2012,BF,1981.0
2013,BF,2535.0
2014,BF,3450.0
2015,BF,4851.0
2016,BF,6500.0
1985,BG,190.0
1986,BG,160.0
1987,BG,138.0
1988,BG,898.0
1989,BG,869.0
1990,BG,1922.0
1991,BG,2735.0
1992,BG,2981.0
1993,BG,3155.0
1994,BG,4689.0
1995,BG,4156.0
1996,BG,3246.0
1997,BG,3048.0
1998,BG,3122.0
1999,BG,2653.0
2000,BG,3712.0
2001,BG,3630.0
2002,BG,4587.0
2003,BG,3946.0
2004,BG,3452.0
2005,BG,5472.0
2006,BG,4270.0
2007,BG,3725.0
2008,BG,3340.0
2009,BG,3182.0
2010,BG,2687.0
2011,BG,2507.0
2012,BG,2291.0
2013,BG,2059.0
2014,BG,1841.0
2015,BG,1476.0
2016,BG,1026.0
1990,BH,39.0
1991,BH,52.0
1992,BH,53.0
1993,BH,60.0
1994,BH,75.0
1995,BH,71.0
1996,BH,63.0
1997,BH,82.0
1998,BH,97.0
1999,BH,129.0
2000,BH,150.0
2001,BH,75.0
2002,BH,64.0
2003,BH,64.0
2004,BH,74.0
2005,BH,68.0
2006,BH,82.0
2007,BH,91.0
2008,BH,93.0
2009,BH,83.0
2010,BH,113.0
2011,BH,291.0
2012,BH,407.0
2013,BH,373.0
2014,BH,455.0
2015,BH,511.0
2016,BH,522.0
1985,BI,199812.0
1986,BI,210621.0
1987,BI,186911.0
1988,BI,243154.0
1989,BI,191523.0
1990,BI,191942.0
1991,BI,230526.0
1992,BI,232385.0
1993,BI,877737.0
1994,BI,660794.0
1995,BI,356422.0
1996,BI,536742.0
1997,BI,609936.0
1998,BI,526358.0
1999,BI,539692.0
2000,BI,578567.0
2001,BI,585812.0
2002,BI,635289.0
2003,BI,622100.0
2004,BI,583948.0
2005,BI,515222.0
2006,BI,447004.0
2007,BI,422601.0
2008,BI,383626.0
2009,BI,131465.0
2010,BI,96341.0
2011,BI,277430.0
2012,BI,284328.0
2013,BI,251430.0
2014,BI,255596.0
2015,BI,482731.0
2016,BI,599525.0
1986,BJ,50.0
1987,BJ,50.0
1988,BJ,50.0
1989,BJ,62.0
1990,BJ,2.0
1991,BJ,4.0
1992,BJ,4.0
1993,BJ,69.0
1994,BJ,78.0
1995,BJ,54.0
1996,BJ,46.0
1997,BJ,46.0
1998,BJ,56.0
1999,BJ,52.0
2000,BJ,206.0
2001,BJ,238.0
2002,BJ,463.0
2003,BJ,542.0
2004,BJ,524.0
2005,BJ,683.0
2006,BJ,375.0
2007,BJ,440.0
2008,BJ,505.0
2009,BJ,608.0
2010,BJ,677.0
2011,BJ,735.0
2012,BJ,899.0
2013,BJ,820.0
2014,BJ,1061.0
2015,BJ,1583.0
2016,BJ,1621.0
1998,BM,1.0
1999,BM,1.0
2000,BM,1.0
2001,BM,1.0
2002,BM,1.0
2003,BM,2.0
2004,BM,1.0
2005,BM,5.0
2006,BM,2.0
2010,BM,1.0
2011,BM,5.0
2012,BM,4.0
2013,BM,1.0
1985,BO,1.0
1986,BO,1.0
1987,BO,1.0
1988,BO,2.0
1989,BO,28.0
1990,BO,731.0
1991,BO,67.0
1992,BO,28.0
1993,BO,41.0
1994,BO,178.0
1995,BO,180.0
1996,BO,177.0
1997,BO,161.0
1998,BO,183.0
1999,BO,174.0
2000,BO,300.0
2001,BO,316.0
2002,BO,709.0
2003,BO,754.0
2004,BO,671.0
2005,BO,622.0
2006,BO,803.0
2007,BO,851.0
2008,BO,615.0
2009,BO,738.0
2010,BO,727.0
2011,BO,764.0
2012,BO,785.0
2013,BO,815.0
2014,BO,871.0
2015,BO,921.0
2016,BO,927.0
1985,BR,5.0
1986,BR,3.0
1987,BR,1.0
1988,BR,1.0
1989,BR,6.0
1990,BR,14.0
1991,BR,11.0
1992,BR,11.0
1993,BR,12.0
1994,BR,44.0
1995,BR,59.0
1996,BR,85.0
1997,BR,104.0
1998,BR,136.0
1999,BR,196.0
2000,BR,874.0
2001,BR,1052.0
2002,BR,1588.0
2003,BR,1645.0
2004,BR,1420.0
2005,BR,963.0
2006,BR,1140.0
2007,BR,1936.0
2008,BR,1773.0
2009,BR,1347.0
2010,BR,1244.0
2011,BR,1246.0
2012,BR,1327.0
2013,BR,1554.0
2014,BR,2182.0
2015,BR,3054.0
2016,BR,4545.0
1998,BS,1.0
1999,BS,1.0
2000,BS,11.0
2001,BS,24.0
2002,BS,162.0
2003,BS,19.0
2004,BS,21.0
2005,BS,19.0
2006,BS,33.0
2007,BS,39.0
2008,BS,40.0
2009,BS,47.0
2010,BS,47.0
2011,BS,222.0
2012,BS,234.0
2013,BS,237.0
2014,BS,257.0
2015,BS,297.0
2016,BS,407.0
1991,BT,9504.0
1992,BT,75442.0
1993,BT,85336.0
1994,BT,103272.0
1995,BT,104750.0
1996,BT,106822.0
1997,BT,108703.0
1998,BT,105689.0
1999,BT,107619.0
2000,BT,108989.0
2001,BT,110913.0
2002,BT,112578.0
2003,BT,114222.0
2004,BT,115740.0
2005,BT,117647.0
2006,BT,119530.0
2007,BT,112241.0
2008,BT,106056.0
2009,BT,90078.0
2010,BT,76092.0
2011,BT,59009.0
2012,BT,41693.0
2013,BT,31734.0
2014,BT,23834.0
2015,BT,17947.0
2016,BT,12009.0
1989,BW,3.0
1990,BW,3.0
1991,BW,3.0
1992,BW,3.0
1993,BW,4.0
1994,BW,21.0
1995,BW,25.0
1996,BW,23.0
1997,BW,17.0
1998,BW,16.0
1999,BW,10.0
2000,BW,8.0
2001,BW,8.0
2002,BW,16.0
2003,BW,23.0
2004,BW,13.0
2005,BW,15.0
2006,BW,43.0
2007,BW,72.0
2008,BW,179.0
2009,BW,227.0
2010,BW,241.0
2011,BW,260.0
2012,BW,255.0
2013,BW,275.0
2014,BW,304.0
2015,BW,376.0
2016,BW,386.0
1993,BY,2.0
1994,BY,37.0
1995,BY,84.0
1996,BY,501.0
1997,BY,303.0
1998,BY,290.0
1999,BY,1507.0
2000,BY,3291.0
2001,BY,4830.0
2002,BY,8441.0
2003,BY,9913.0
2004,BY,9641.0
2005,BY,10288.0
2006,BY,11080.0
2007,BY,6177.0
2008,BY,6463.0
2009,BY,6506.0
2010,BY,6482.0
2011,BY,6839.0
2012,BY,7214.0
2013,BY,5277.0
2014,BY,5286.0
2015,BY,5603.0
2016,BY,5727.0
1994,BZ,8.0
1995,BZ,8.0
1996,BZ,3.0
1999,BZ,11.0
2000,BZ,28.0
2001,BZ,28.0
2002,BZ,36.0
2003,BZ,37.0
2004,BZ,32.0
2005,BZ,32.0
2006,BZ,33.0
2007,BZ,32.0
2008,BZ,39.0
2009,BZ,36.0
2010,BZ,33.0
2011,BZ,50.0
2012,BZ,47.0
2013,BZ,95.0
2014,BZ,129.0
2015,BZ,149.0
2016,BZ,203.0
1991,CA,4.0
1992,CA,4.0
1993,CA,4.0
1994,CA,4.0
1995,CA,4.0
1996,CA,8.0
1997,CA,11.0
1998,CA,15.0
1999,CA,18.0
2000,CA,33.0
2001,CA,17.0
2002,CA,71.0
2003,CA,85.0
2004,CA,76.0
2005,CA,158.0
2006,CA,140.0
2007,CA,544.0
2008,CA,116.0
2009,CA,110.0
2010,CA,95.0
2011,CA,117.0
2012,CA,134.0
2013,CA,135.0
2014,CA,168.0
2015,CA,427.0
2016,CA,125.0
1985,CD,6.0
1986,CD,6.0
1990,CD,2.0
1991,CD,4.0
1992,CD,7.0
1993,CD,11.0
1994,CD,38.0
1995,CD,177.0
1996,CD,222.0
1997,CD,33323.0
1998,CD,42416.0
1999,CD,79554.0
2000,CD,37465.0
2001,CD,29164.0
2002,CD,35648.0
2003,CD,37714.0
2004,CD,36336.0
2005,CD,32958.0
2006,CD,29987.0
2007,CD,25970.0
2008,CD,25070.0
2009,CD,23834.0
2010,CD,23793.0
2011,CD,24211.0
2012,CD,15010.0
2013,CD,15087.0
2014,CD,17985.0
2015,CD,18891.0
2016,CD,17548.0
1986,CF,230.0
1987,CF,160.0
1988,CF,170.0
1989,CF,310.0
1990,CF,100.0
1991,CF,320.0
1992,CF,325.0
1993,CF,339.0
1994,CF,279.0
1995,CF,243.0
1996,CF,241.0
1997,CF,149.0
1998,CF,174.0
1999,CF,197.0
2000,CF,255.0
2001,CF,29059.0
2002,CF,26053.0
2003,CF,41091.0
2004,CF,32725.0
2005,CF,44807.0
2006,CF,73848.0
2007,CF,99458.0
2008,CF,126357.0
2009,CF,160477.0
2010,CF,166470.0
2011,CF,172619.0
2012,CF,167227.0
2013,CF,258706.0
2014,CF,439428.0
2015,CF,522307.0
2016,CF,554989.0
1985,CG,88948.0
1986,CG,96739.0
1987,CG,70368.0
1988,CG,103587.0
1989,CG,103996.0
1990,CG,67503.0
1991,CG,65816.0
1992,CG,96530.0
1993,CG,74950.0
1994,CG,73799.0
1995,CG,92521.0
1996,CG,160610.0
1997,CG,219110.0
1998,CG,225329.0
1999,CG,273520.0
2000,CG,405610.0
2001,CG,421550.0
2002,CG,478935.0
2003,CG,508592.0
2004,CG,526956.0
2005,CG,525941.0
2006,CG,472365.0
2007,CG,466504.0
2008,CG,458316.0
2009,CG,531274.0
2010,CG,536422.0
2011,CG,543034.0
2012,CG,621590.0
2013,CG,619509.0
2014,CG,594446.0
2015,CG,618067.0
2016,CG,614984.0
1994,CH,8.0
1995,CH,27.0
1996,CH,33.0
1997,CH,55.0
1998,CH,77.0
1999,CH,91.0
2000,CH,71.0
2001,CH,62.0
2002,CH,61.0
2003,CH,36.0
2004,CH,13.0
2005,CH,18.0
2006,CH,38.0
2007,CH,34.0
2008,CH,38.0
2009,CH,23.0
2010,CH,20.0
2011,CH,22.0
2012,CH,22.0
2013,CH,15.0
2014,CH,21.0
2015,CH,21.0
2016,CH,9.0
1987,CI,1.0
1988,CI,1.0
1989,CI,1.0
1990,CI,2.0
1991,CI,13.0
1992,CI,34.0
1993,CI,41.0
1994,CI,98.0
1995,CI,201.0
1996,CI,268.0
1997,CI,360.0
1998,CI,537.0
1999,CI,564.0
2000,CI,1460.0
2001,CI,1655.0
2002,CI,25439.0
2003,CI,53550.0
2004,CI,36014.0
2005,CI,24696.0
2006,CI,32704.0
2007,CI,29686.0
2008,CI,28763.0
2009,CI,28520.0
2010,CI,47841.0
2011,CI,308257.0
2012,CI,184775.0
2013,CI,116693.0
2014,CI,97822.0
2015,CI,97114.0
2016,CI,84868.0
2009,CK,1.0
2010,CK,2.0
2011,CK,1.0
2012,CK,1.0
2013,CK,1.0
2014,CK,1.0
2015,CK,1.0
1985,CL,2221.0
1986,CL,2504.0
1987,CL,1966.0
1988,CL,608.0
1989,CL,1201.0
1990,CL,14838.0
1991,CL,14237.0
1992,CL,14330.0
1993,CL,17056.0
1994,CL,17421.0
1995,CL,14919.0
1996,CL,12840.0
1997,CL,9776.0
1998,CL,7030.0
1999,CL,1550.0
2000,CL,1037.0
2001,CL,1044.0
2002,CL,2224.0
2003,CL,1871.0
2004,CL,1395.0
2005,CL,1030.0
2006,CL,885.0
2007,CL,1101.0
2008,CL,1118.0
2009,CL,1492.0
2010,CL,1344.0
2011,CL,1313.0
2012,CL,1222.0
2013,CL,666.0
2014,CL,682.0
2015,CL,716.0
2016,CL,684.0
1989,CM,60.0
1990,CM,100.0
1991,CM,1.0
1992,CM,84.0
1993,CM,174.0
1994,CM,239.0
1995,CM,2022.0
1996,CM,2109.0
1997,CM,2259.0
1998,CM,1356.0
1999,CM,1654.0
2000,CM,3560.0
2001,CM,4892.0
2002,CM,8075.0
2003,CM,9568.0
2004,CM,11369.0
2005,CM,13961.0
2006,CM,13771.0
2007,CM,14504.0
2008,CM,16805.0
2009,CM,17028.0
2010,CM,17067.0
2011,CM,17666.0
2012,CM,16791.0
2013,CM,15673.0
2014,CM,16292.0
2015,CM,17984.0
2016,CM,21327.0
1985,CN,124.0
1986,CN,154.0
1987,CN,24.0
1988,CN,265.0
1989,CN,413.0
1990,CN,2806.0
1991,CN,2011.0
1992,CN,85038.0
1993,CN,111519.0
1994,CN,114168.0
1995,CN,104898.0
1996,CN,105920.0
1997,CN,106788.0
1998,CN,109447.0
1999,CN,111972.0
2000,CN,128184.0
2001,CN,137233.0
2002,CN,157361.0
2003,CN,153694.0
2004,CN,154467.0
2005,CN,143512.0
2006,CN,157921.0
2007,CN,164670.0
2008,CN,194864.0
2009,CN,198976.0
2010,CN,192448.0
2011,CN,201767.0
2012,CN,208905.0
2013,CN,220023.0
2014,CN,258626.0
2015,CN,270732.0
2016,CN,279968.0
1985,CO,60.0
1986,CO,50.0
1987,CO,50.0
1988,CO,35.0
1989,CO,66.0
1990,CO,494.0
1991,CO,740.0
1992,CO,914.0
1993,CO,1049.0
1994,CO,1380.0
1995,CO,1906.0
1996,CO,2175.0
1997,CO,2377.0
1998,CO,3540.0
1999,CO,5662.0
2000,CO,14601.0
2001,CO,33570.0
2002,CO,102657.0
2003,CO,87528.0
2004,CO,95328.0
2005,CO,540109.0
2006,CO,561757.0
2007,CO,594859.0
2008,CO,426198.0
2009,CO,454148.0
2010,CO,455964.0
2011,CO,438555.0
2012,CO,412760.0
2013,CO,412358.0
2014,CO,364999.0
2015,CO,348761.0
2016,CO,323730.0
1991,CR,1.0
1992,CR,5.0
1993,CR,7.0
1994,CR,223.0
1995,CR,211.0
1996,CR,139.0
1997,CR,90.0
1998,CR,54.0
1999,CR,76.0
2000,CR,283.0
2001,CR,757.0
2002,CR,1828.0
2003,CR,1562.0
2004,CR,489.0
2005,CR,311.0
2006,CR,359.0
2007,CR,427.0
2008,CR,420.0
2009,CR,423.0
2010,CR,428.0
2011,CR,371.0
2012,CR,352.0
2013,CR,924.0
2014,CR,544.0
2015,CR,597.0
2016,CR,494.0
1985,CU,1876.0
1986,CU,686.0
1987,CU,836.0
1988,CU,3874.0
1989,CU,7682.0
1990,CU,13953.0
1991,CU,17695.0
1992,CU,21273.0
1993,CU,22406.0
1994,CU,23321.0
1995,CU,24855.0
1996,CU,25525.0
1997,CU,24913.0
1998,CU,23563.0
1999,CU,23328.0
2000,CU,23553.0
2001,CU,22493.0
2002,CU,20734.0
2003,CU,18307.0
2004,CU,17671.0
2005,CU,20684.0
2006,CU,34923.0
2007,CU,8597.0
2008,CU,8821.0
2009,CU,9777.0
2010,CU,11883.0
2011,CU,8789.0
2012,CU,8544.0
2013,CU,8557.0
2014,CU,9437.0
2015,CU,9254.0
2016,CU,10902.0
1988,CY,11.0
1989,CY,11.0
1990,CY,11.0
1994,CY,8.0
1995,CY,9.0
1996,CY,10.0
1997,CY,8.0
1998,CY,11.0
1999,CY,792.0
2000,CY,18.0
2001,CY,18.0
2002,CY,28.0
2003,CY,13.0
2004,CY,6.0
2005,CY,9.0
2006,CY,6.0
2007,CY,11.0
2008,CY,12.0
2009,CY,13.0
2010,CY,16.0
2011,CY,13.0
2012,CY,14.0
2013,CY,12.0
2014,CY,13.0
2015,CY,11.0
1985,CZ,1461.0
1986,CZ,411.0
1987,CZ,385.0
1988,CZ,5649.0
1989,CZ,5790.0
1990,CZ,6123.0
1991,CZ,4491.0
1992,CZ,3327.0
1993,CZ,5015.0
1994,CZ,4648.0
1995,CZ,2039.0
1996,CZ,981.0
1997,CZ,698.0
1998,CZ,1934.0
1999,CZ,1243.0
2000,CZ,989.0
2001,CZ,1390.0
2002,CZ,7175.0
2003,CZ,7056.0
2004,CZ,4700.0
2005,CZ,3792.0
2006,CZ,2316.0
2007,CZ,1522.0
2008,CZ,2148.0
2009,CZ,3166.0
2010,CZ,1977.0
2011,CZ,1425.0
2012,CZ,831.0
2013,CZ,1109.0
2014,CZ,1431.0
2015,CZ,1413.0
2016,CZ,1488.0
1991,DE,4.0
1992,DE,4.0
1993,DE,8.0
1994,DE,449.0
1995,DE,386.0
1996,DE,420.0
1997,DE,443.0
1998,DE,688.0
1999,DE,1298.0
2000,DE,1238.0
2001,DE,1087.0
2002,DE,1001.0
2003,DE,788.0
2004,DE,141.0
2005,DE,141.0
2006,DE,197.0
2007,DE,196.0
2008,DE,269.0
2009,DE,257.0
2010,DE,200.0
2011,DE,206.0
2012,DE,208.0
2013,DE,256.0
2014,DE,268.0
2015,DE,256.0
2016,DE,180.0
1990,DJ,5.0
1991,DJ,10.0
1992,DJ,11.0
1993,DJ,38.0
1994,DJ,18068.0
1995,DJ,18095.0
1996,DJ,18101.0
1997,DJ,8142.0
1998,DJ,3219.0
1999,DJ,1879.0
2000,DJ,2059.0
2001,DJ,1092.0
2002,DJ,586.0
2003,DJ,593.0
2004,DJ,535.0
2005,DJ,722.0
2006,DJ,598.0
2007,DJ,680.0
2008,DJ,716.0
2009,DJ,784.0
2010,DJ,798.0
2011,DJ,889.0
2012,DJ,952.0
2013,DJ,1169.0
2014,DJ,1309.0
2015,DJ,1618.0
2016,DJ,2246.0
1994,DK,11.0
1995,DK,18.0
1996,DK,34.0
1997,DK,33.0
1998,DK,28.0
1999,DK,25.0
2000,DK,29.0
2001,DK,4.0
2002,DK,17.0
2003,DK,16.0
2004,DK,15.0
2005,DK,19.0
2006,DK,19.0
2007,DK,16.0
2008,DK,18.0
2009,DK,11.0
2010,DK,13.0
2011,DK,12.0
2012,DK,10.0
2013,DK,18.0
2014,DK,20.0
2015,DK,20.0
1996,DM,1.0
1997,DM,1.0
1998,DM,1.0
1999,DM,3.0
2000,DM,18.0
2001,DM,32.0
2002,DM,55.0
2003,DM,46.0
2004,DM,44.0
2005,DM,76.0
2006,DM,67.0
2007,DM,67.0
2008,DM,79.0
2009,DM,75.0
2010,DM,70.0
2011,DM,62.0
2012,DM,66.0
2013,DM,62.0
2014,DM,55.0
2015,DM,125.0
2016,DM,130.0
1985,DO,1.0
1986,DO,1.0
1993,DO,1.0
1994,DO,29.0
1995,DO,30.0
1996,DO,29.0
1997,DO,47.0
1998,DO,42.0
1999,DO,45.0
2000,DO,97.0
2001,DO,172.0
2002,DO,227.0
2003,DO,217.0
2004,DO,246.0
2005,DO,146.0
2006,DO,273.0
2007,DO,493.0
2008,DO,588.0
2009,DO,637.0
2010,DO,642.0
2011,DO,603.0
2012,DO,647.0
2013,DO,1156.0
2014,DO,1497.0
2015,DO,2092.0
2016,DO,2683.0
1985,DZ,3.0
1986,DZ,1.0
1987,DZ,1.0
1988,DZ,5.0
1989,DZ,6.0
1990,DZ,19.0
1991,DZ,55.0
1992,DZ,71.0
1993,DZ,87.0
1994,DZ,20743.0
1995,DZ,1520.0
1996,DZ,2317.0
1997,DZ,3418.0
1998,DZ,5738.0
1999,DZ,7152.0
2000,DZ,10367.0
2001,DZ,11172.0
2002,DZ,14488.0
2003,DZ,13603.0
2004,DZ,12022.0
2005,DZ,13433.0
2006,DZ,9897.0
2007,DZ,11972.0
2008,DZ,10596.0
2009,DZ,9732.0
2010,DZ,8405.0
2011,DZ,8314.0
2012,DZ,8152.0
2013,DZ,7969.0
2014,DZ,9077.0
2015,DZ,11124.0
2016,DZ,10814.0
1990,EC,3.0
1991,EC,27.0
1992,EC,40.0
1993,EC,47.0
1994,EC,174.0
1995,EC,206.0
1996,EC,222.0
1997,EC,217.0
1998,EC,512.0
1999,EC,496.0
2000,EC,942.0
2001,EC,1097.0
2002,EC,1658.0
2003,EC,1432.0
2004,EC,1221.0
2005,EC,1062.0
2006,EC,1157.0
2007,EC,1524.0
2008,EC,1310.0
2009,EC,1305.0
2010,EC,1062.0
2011,EC,1168.0
2012,EC,1361.0
2013,EC,3051.0
2014,EC,7774.0
2015,EC,11427.0
2016,EC,14706.0
1991,EE,2.0
1992,EE,59.0
1993,EE,95.0
1994,EE,297.0
1995,EE,351.0
1996,EE,1316.0
1997,EE,1266.0
1998,EE,1329.0
1999,EE,633.0
2000,EE,533.0
2001,EE,578.0
2002,EE,1220.0
2003,EE,1214.0
2004,EE,1004.0
2005,EE,878.0
2006,EE,753.0
2007,EE,321.0
2008,EE,286.0
2009,EE,288.0
2010,EE,258.0
2011,EE,264.0
2012,EE,485.0
2013,EE,379.0
2014,EE,372.0
2015,EE,365.0
2016,EE,335.0
1985,EG,7.0
1986,EG,8.0
1987,EG,8.0
1988,EG,14.0
1989,EG,13.0
1990,EG,48.0
1991,EG,97.0
1992,EG,209.0
1993,EG,258.0
1994,EG,502.0
1995,EG,872.0
1996,EG,1207.0
1997,EG,1722.0
1998,EG,2612.0
1999,EG,3491.0
2000,EG,5113.0
2001,EG,6123.0
2002,EG,8277.0
2003,EG,7760.0
2004,EG,7623.0
2005,EG,8620.0
2006,EG,9309.0
2007,EG,8431.0
2008,EG,8608.0
2009,EG,8629.0
2010,EG,8501.0
2011,EG,10562.0
2012,EG,14155.0
2013,EG,22295.0
2014,EG,27002.0
2015,EG,30162.0
2016,EG,32871.0
1985,EH,165000.0
1986,EH,165000.0
1987,EH,165000.0
1988,EH,165000.0
1989,EH,167190.0
1990,EH,165000.0
1991,EH,165000.0
1992,EH,165000.0
1993,EH,165000.0
1994,EH,166493.0
1995,EH,165000.0
1996,EH,166328.0
1997,EH,166099.0
1998,EH,165968.0
1999,EH,192284.0
2000,EH,191814.0
2001,EH,191913.0
2002,EH,191889.0
2003,EH,191749.0
2004,EH,191752.0
2005,EH,116676.0
2006,EH,116642.0
2007,EH,116623.0
2008,EH,116561.0
2009,EH,116495.0
2010,EH,116449.0
2011,EH,116427.0
2012,EH,116578.0
2013,EH,116915.0
2014,EH,117662.0
2015,EH,117993.0
2016,EH,118643.0
1985,ER,1385.0
1986,ER,177.0
1987,ER,167.0
1988,ER,133.0
1989,ER,43.0
1990,ER,43.0
1991,ER,500633.0
1992,ER,573200.0
1993,ER,427213.0
1994,ER,431209.0
1995,ER,308200.0
1996,ER,333582.0
1997,ER,323177.0
1998,ER,351881.0
1999,ER,348365.0
2000,ER,430431.0
2001,ER,368832.0
2002,ER,363286.0
2003,ER,158433.0
2004,ER,181259.0
2005,ER,184214.0
2006,ER,198801.0
2007,ER,220957.0
2008,ER,201744.0
2009,ER,223570.0
2010,ER,236058.0
2011,ER,266576.0
2012,ER,305959.0
2013,ER,337232.0
2014,ER,417006.0
2015,ER,469619.0
2016,ER,522758.0
1985,ES,62.0
1986,ES,1.0
1987,ES,60.0
1994,ES,42.0
1995,ES,36.0
1996,ES,218.0
1997,ES,215.0
1998,ES,60.0
1999,ES,53.0
2000,ES,104.0
2001,ES,66.0
2002,ES,86.0
2003,ES,93.0
2004,ES,80.0
2005,ES,76.0
2006,ES,2464.0
2007,ES,56.0
2008,ES,50.0
2009,ES,87.0
2010,ES,112.0
2011,ES,129.0
2012,ES,142.0
2013,ES,131.0
2014,ES,135.0
2015,ES,147.0
2016,ES,148.0
1985,ET,1865629.0
1986,ET,1748408.0
1987,ET,1547233.0
1988,ET,1520387.0
1989,ET,1481219.0
1990,ET,1345928.0
1991,ET,305081.0
1992,ET,325124.0
1993,ET,308442.0
1994,ET,266041.0
1995,ET,135960.0
1996,ET,124271.0
1997,ET,94435.0
1998,ET,84835.0
1999,ET,72922.0
2000,ET,84145.0
2001,ET,82108.0
2002,ET,70519.0
2003,ET,73531.0
2004,ET,76282.0
2005,ET,81849.0
2006,ET,90739.0
2007,ET,89375.0
2008,ET,95557.0
2009,ET,111646.0
2010,ET,117737.0
2011,ET,104422.0
2012,ET,114295.0
2013,ET,123763.0
2014,ET,143496.0
2015,ET,158436.0
2016,ET,157228.0
1995,FI,1.0
1996,FI,1.0
1997,FI,2.0
1998,FI,6.0
1999,FI,6.0
2000,FI,10.0
2001,FI,10.0
2002,FI,17.0
2003,FI,12.0
2004,FI,6.0
2005,FI,11.0
2006,FI,8.0
2007,FI,4.0
2008,FI,4.0
2009,FI,8.0
2010,FI,8.0
2011,FI,11.0
2012,FI,13.0
2013,FI,11.0
2014,FI,8.0
2015,FI,10.0
1990,FJ,1.0
1991,FJ,1.0
1992,FJ,19.0
1993,FJ,89.0
1994,FJ,156.0
1995,FJ,222.0
1996,FJ,305.0
1997,FJ,326.0
1998,FJ,301.0
1999,FJ,328.0
2000,FJ,2062.0
2001,FJ,2649.0
2002,FJ,2576.0
2003,FJ,2109.0
2004,FJ,1803.0
2005,FJ,1752.0
2006,FJ,1941.0
2007,FJ,2021.0
2008,FJ,2069.0
2009,FJ,2252.0
2010,FJ,2151.0
2011,FJ,1839.0
2012,FJ,1585.0
2013,FJ,1572.0
2014,FJ,1691.0
2015,FJ,1313.0
2016,FJ,1301.0
1994,FR,20.0
1995,FR,15.0
1996,FR,44.0
1997,FR,61.0
1998,FR,64.0
1999,FR,63.0
2000,FR,126.0
2001,FR,105.0
2002,FR,171.0
2003,FR,182.0
2004,FR,169.0
2005,FR,342.0
2006,FR,124.0
2007,FR,154.0
2008,FR,159.0
2009,FR,165.0
2010,FR,136.0
2011,FR,153.0
2012,FR,149.0
2013,FR,154.0
2014,FR,140.0
2015,FR,178.0
2016,FR,146.0
1992,GA,17.0
1993,GA,18.0
1994,GA,22.0
1995,GA,25.0
1996,GA,24.0
1997,GA,19.0
1998,GA,28.0
1999,GA,26.0
2000,GA,49.0
2001,GA,78.0
2002,GA,87.0
2003,GA,74.0
2004,GA,80.0
2005,GA,138.0
2006,GA,135.0
2007,GA,141.0
2008,GA,162.0
2009,GA,192.0
2010,GA,206.0
2011,GA,224.0
2012,GA,249.0
2013,GA,282.0
2014,GA,313.0
2015,GA,415.0
2016,GA,567.0
1990,GB,1.0
1991,GB,1.0
1992,GB,1.0
1993,GB,2.0
1994,GB,108.0
1995,GB,77.0
1996,GB,73.0
1997,GB,79.0
1998,GB,92.0
1999,GB,106.0
2000,GB,184.0
2001,GB,190.0
2002,GB,241.0
2003,GB,216.0
2004,GB,191.0
2005,GB,198.0
2006,GB,223.0
2007,GB,236.0
2008,GB,210.0
2009,GB,202.0
2010,GB,196.0
2011,GB,196.0
2012,GB,193.0
2013,GB,203.0
2014,GB,227.0
2015,GB,248.0
2016,GB,178.0
1988,GD,9.0
1989,GD,5.0
1990,GD,4.0
1991,GD,4.0
1992,GD,1.0
1994,GD,3.0
1995,GD,6.0
1996,GD,11.0
1997,GD,12.0
1998,GD,20.0
1999,GD,36.0
2000,GD,115.0
2001,GD,230.0
2002,GD,448.0
2003,GD,337.0
2004,GD,223.0
2005,GD,255.0
2006,GD,245.0
2007,GD,363.0
2008,GD,378.0
2009,GD,423.0
2010,GD,409.0
2011,GD,370.0
2012,GD,364.0
2013,GD,372.0
2014,GD,376.0
2015,GD,322.0
2016,GD,163.0
1993,GE,6012.0
1994,GE,6118.0
1995,GE,4808.0
1996,GE,48489.0
1997,GE,47164.0
1998,GE,38473.0
1999,GE,30148.0
2000,GE,25577.0
2001,GE,22880.0
2002,GE,22831.0
2003,GE,18536.0
2004,GE,12346.0
2005,GE,13164.0
2006,GE,15727.0
2007,GE,15876.0
2008,GE,17689.0
2009,GE,19779.0
2010,GE,17840.0
2011,GE,13065.0
2012,GE,13844.0
2013,GE,18350.0
2014,GE,15013.0
2015,GE,15748.0
2016,GE,16630.0
1992,GF,5.0
1993,GF,5.0
1994,GF,5.0
1995,GF,5.0
1996,GF,5.0
1997,GF,5.0
1998,GF,5.0
1999,GF,5.0
2007,GF,1.0
2008,GF,1.0
2009,GF,2.0
2010,GF,1.0
1985,GH,3195.0
1986,GH,2819.0
1987,GH,3916.0
1988,GH,4769.0
1989,GH,4716.0
1990,GH,4691.0
1991,GH,4701.0
1992,GH,4781.0
1993,GH,4488.0
1994,GH,14302.0
1995,GH,13594.0
1996,GH,15103.0
1997,GH,14775.0
1998,GH,14710.0
1999,GH,13295.0
2000,GH,15761.0
2001,GH,15702.0
2002,GH,16844.0
2003,GH,17550.0
2004,GH,16443.0
2005,GH,20785.0
2006,GH,11118.0
2007,GH,6717.0
2008,GH,15258.0
2009,GH,16241.0
2010,GH,22227.0
2011,GH,22875.0
2012,GH,27790.0
2013,GH,26085.0
2014,GH,29853.0
2015,GH,33709.0
2016,GH,27019.0
2002,GI,4.0
2003,GI,2.0
2007,GI,1.0
2008,GI,1.0
2009,GI,1.0
2010,GI,2.0
2011,GI,2.0
2012,GI,2.0
2013,GI,2.0
2014,GI,2.0
2015,GI,2.0
1988,GM,1.0
1989,GM,1.0
1990,GM,4.0
1991,GM,15.0
1992,GM,24.0
1993,GM,26.0
1994,GM,30.0
1995,GM,161.0
1996,GM,315.0
1997,GM,421.0
1998,GM,571.0
1999,GM,677.0
2000,GM,1035.0
2001,GM,1045.0
2002,GM,1152.0
2003,GM,1092.0
2004,GM,1134.0
2005,GM,2345.0
2006,GM,2278.0
2007,GM,2266.0
2008,GM,2489.0
2009,GM,3138.0
2010,GM,3299.0
2011,GM,3780.0
2012,GM,4852.0
2013,GM,7227.0
2014,GM,15773.0
2015,GM,21321.0
2016,GM,30438.0
1986,GN,50.0
1987,GN,50.0
1988,GN,50.0
1989,GN,50.0
1990,GN,50.0
1991,GN,2.0
1992,GN,19.0
1993,GN,31.0
1994,GN,106.0
1995,GN,441.0
1996,GN,524.0
1997,GN,648.0
1998,GN,924.0
1999,GN,1151.0
2000,GN,4023.0
2001,GN,5877.0
2002,GN,7244.0
2003,GN,7045.0
2004,GN,7276.0
2005,GN,9100.0
2006,GN,9508.0
2007,GN,10213.0
2008,GN,11517.0
2009,GN,13749.0
2010,GN,14768.0
2011,GN,17827.0
2012,GN,23599.0
2013,GN,26199.0
2014,GN,33194.0
2015,GN,34865.0
2016,GN,41882.0
2014,GP,12.0
2015,GP,23.0
1985,GQ,1.0
1991,GQ,60.0
1992,GQ,114.0
1993,GQ,221.0
1994,GQ,342.0
1995,GQ,343.0
1996,GQ,398.0
1997,GQ,473.0
1998,GQ,421.0
1999,GQ,429.0
2000,GQ,551.0
2001,GQ,571.0
2002,GQ,619.0
2003,GQ,654.0
2004,GQ,606.0
2005,GQ,536.0
2006,GQ,493.0
2007,GQ,441.0
2008,GQ,431.0
2009,GQ,384.0
2010,GQ,384.0
2011,GQ,308.0
2012,GQ,314.0
2013,GQ,275.0
2014,GQ,269.0
2015,GQ,244.0
2016,GQ,209.0
1988,GR,6.0
1989,GR,6.0
1990,GR,16.0
1991,GR,6.0
1992,GR,1.0
1993,GR,1.0
1994,GR,94.0
1995,GR,222.0
1996,GR,250.0
1997,GR,178.0
1998,GR,174.0
1999,GR,164.0
2000,GR,153.0
2001,GR,148.0
2002,GR,340.0
2003,GR,314.0
2004,GR,257.0
2005,GR,374.0
2006,GR,114.0
2007,GR,104.0
2008,GR,83.0
2009,GR,83.0
2010,GR,88.0
2011,GR,93.0
2012,GR,176.0
2013,GR,197.0
2014,GR,169.0
2015,GR,181.0
2016,GR,174.0
1985,GT,52890.0
1986,GT,52800.0
1987,GT,53840.0
1988,GT,55653.0
1989,GT,46623.0
1990,GT,48908.0
1991,GT,54337.0
1992,GT,55961.0
1993,GT,55360.0
1994,GT,55759.0
1995,GT,52437.0
1996,GT,44800.0
1997,GT,41081.0
1998,GT,36662.0
1999,GT,30118.0
2000,GT,125936.0
2001,GT,116409.0
2002,GT,110002.0
2003,GT,95321.0
2004,GT,63027.0
2005,GT,35229.0
2006,GT,27029.0
2007,GT,21159.0
2008,GT,16187.0
2009,GT,14881.0
2010,GT,6708.0
2011,GT,7198.0
2012,GT,7720.0
2013,GT,15057.0
2014,GT,23290.0
2015,GT,37238.0
2016,GT,58741.0
1985,GW,5352.0
1986,GW,5354.0
1987,GW,5002.0
1988,GW,5001.0
1989,GW,5004.0
1990,GW,5003.0
1991,GW,5006.0
1992,GW,5008.0
1993,GW,5011.0
1994,GW,5015.0
1995,GW,830.0
1996,GW,856.0
1997,GW,868.0
1998,GW,8887.0
1999,GW,8005.0
2000,GW,2391.0
2001,GW,1668.0
2002,GW,1269.0
2003,GW,1210.0
2004,GW,1222.0
2005,GW,1300.0
2006,GW,1312.0
2007,GW,1290.0
2008,GW,1342.0
2009,GW,1447.0
2010,GW,1478.0
2011,GW,1628.0
2012,GW,2091.0
2013,GW,2435.0
2014,GW,3115.0
2015,GW,3409.0
2016,GW,3490.0
1988,GY,2.0
1989,GY,2.0
1990,GY,2.0
1991,GY,1.0
1992,GY,2.0
1993,GY,4.0
1994,GY,71.0
1995,GY,62.0
1996,GY,55.0
1997,GY,38.0
1998,GY,41.0
1999,GY,49.0
2000,GY,239.0
2001,GY,417.0
2002,GY,1125.0
2003,GY,1378.0
2004,GY,861.0
2005,GY,793.0
2006,GY,835.0
2007,GY,917.0
2008,GY,984.0
2009,GY,1052.0
2010,GY,919.0
2011,GY,877.0
2012,GY,879.0
2013,GY,940.0
2014,GY,845.0
2015,GY,738.0
2016,GY,555.0
1986,HN,101.0
1987,HN,1.0
1988,HN,1.0
1989,HN,5.0
1990,HN,18.0
1991,HN,21.0
1992,HN,41.0
1993,HN,459.0
1994,HN,1240.0
1995,HN,1219.0
1996,HN,1288.0
1997,HN,1246.0
1998,HN,1103.0
1999,HN,1071.0
2000,HN,6228.0
2001,HN,1939.0
2002,HN,1922.0
2003,HN,1810.0
2004,HN,1751.0
2005,HN,1762.0
2006,HN,2393.0
2007,HN,1909.0
2008,HN,2059.0
2009,HN,2166.0
2010,HN,2117.0
2011,HN,2814.0
2012,HN,3424.0
2013,HN,8593.0
2014,HN,14307.0
2015,HN,26306.0
2016,HN,45656.0
1992,HR,364841.0
1993,HR,299521.0
1994,HR,148380.0
1995,HR,478340.0
1996,HR,607900.0
1997,HR,654863.0
1998,HR,674447.0
1999,HR,672337.0
2000,HR,658912.0
2001,HR,558343.0
2002,HR,535590.0
2003,HR,437596.0
2004,HR,410037.0
2005,HR,229724.0
2006,HR,173155.0
2007,HR,174388.0
2008,HR,168473.0
2009,HR,139567.0
2010,HR,119297.0
2011,HR,114472.0
2012,HR,114600.0
2013,HR,94253.0
2014,HR,73049.0
2015,HR,59702.0
2016,HR,46942.0
1985,HT,6100.0
1986,HT,6140.0
1987,HT,7150.0
1988,HT,5369.0
1989,HT,3834.0
1990,HT,2242.0
1991,HT,2358.0
1992,HT,7786.0
1993,HT,5824.0
1994,HT,11074.0
1995,HT,14575.0
1996,HT,15490.0
1997,HT,15481.0
1998,HT,13540.0
1999,HT,8773.0
2000,HT,27306.0
2001,HT,29211.0
2002,HT,29905.0
2003,HT,25906.0
2004,HT,25483.0
2005,HT,27061.0
2006,HT,31378.0
2007,HT,32539.0
2008,HT,35737.0
2009,HT,36015.0
2010,HT,33097.0
2011,HT,41131.0
2012,HT,46777.0
2013,HT,56142.0
2014,HT,73129.0
2015,HT,50310.0
2016,HT,75031.0
1985,HU,435.0
1986,HU,381.0
1987,HU,329.0
1988,HU,3887.0
1989,HU,4359.0
1990,HU,5767.0
1991,HU,4733.0
1992,HU,3993.0
1993,HU,5016.0
1994,HU,4471.0
1995,HU,2348.0
1996,HU,3087.0
1997,HU,2669.0
1998,HU,1242.0
1999,HU,800.0
2000,HU,2480.0
2001,HU,5103.0
2002,HU,6642.0
2003,HU,4405.0
2004,HU,3348.0
2005,HU,3776.0
2006,HU,3318.0
2007,HU,3484.0
2008,HU,1908.0
2009,HU,3992.0
2010,HU,4996.0
2011,HU,7250.0
2012,HU,4821.0
2013,HU,3183.0
2014,HU,1611.0
2015,HU,2152.0
2016,HU,4560.0
1985,ID,11870.0
1986,ID,12470.0
1987,ID,11010.0
1988,ID,9751.0
1989,ID,7856.0
1990,ID,8159.0
1991,ID,6704.0
1992,ID,6829.0
1993,ID,8156.0
1994,ID,8912.0
1995,ID,9836.0
1996,ID,11390.0
1997,ID,8799.0
1998,ID,9053.0
1999,ID,9028.0
2000,ID,13576.0
2001,ID,13572.0
2002,ID,15228.0
2003,ID,23761.0
2004,ID,33699.0
2005,ID,39241.0
2006,ID,38001.0
2007,ID,22911.0
2008,ID,21571.0
2009,ID,20536.0
2010,ID,17348.0
2011,ID,16460.0
2012,ID,16061.0
2013,ID,15916.0
2014,ID,16183.0
2015,ID,16611.0
2016,ID,16605.0
1994,IE,3.0
1995,IE,2.0
1996,IE,2.0
1997,IE,1.0
2000,IE,7.0
2001,IE,10.0
2002,IE,12.0
2003,IE,16.0
2004,IE,12.0
2005,IE,25.0
2006,IE,8.0
2007,IE,14.0
2008,IE,10.0
2009,IE,12.0
2010,IE,15.0
2011,IE,18.0
2012,IE,26.0
2013,IE,46.0
2014,IE,97.0
2015,IE,51.0
2016,IE,38.0
1988,IL,4.0
1989,IL,4.0
1990,IL,16.0
1991,IL,28.0
1992,IL,40.0
1993,IL,118.0
1994,IL,887.0
1995,IL,938.0
1996,IL,1131.0
1997,IL,987.0
1998,IL,835.0
1999,IL,478.0
2000,IL,776.0
2001,IL,976.0
2002,IL,1588.0
2003,IL,1575.0
2004,IL,1442.0
2005,IL,1258.0
2006,IL,1827.0
2007,IL,2489.0
2008,IL,2531.0
2009,IL,2372.0
2010,IL,2100.0
2011,IL,1851.0
2012,IL,1758.0
2013,IL,1340.0
2014,IL,1268.0
2015,IL,1193.0
2016,IL,991.0
1988,IN,8.0
1989,IN,13.0
1990,IN,198.0
1991,IN,408.0
1992,IN,1019.0
1993,IN,1492.0
1994,IN,3263.0
1995,IN,5011.0
1996,IN,7552.0
1997,IN,8924.0
1998,IN,9668.0
1999,IN,9845.0
2000,IN,21216.0
2001,IN,21326.0
2002,IN,25406.0
2003,IN,25180.0
2004,IN,25065.0
2005,IN,28482.0
2006,IN,24567.0
2007,IN,27547.0
2008,IN,26445.0
2009,IN,24236.0
2010,IN,22057.0
2011,IN,20982.0
2012,IN,21365.0
2013,IN,23932.0
2014,IN,28091.0
2015,IN,35131.0
2016,IN,35248.0
1985,IQ,401593.0
1986,IQ,400745.0
1987,IQ,410818.0
1988,IQ,552468.0
1989,IQ,508266.0
1990,IQ,1133995.0
1991,IQ,2658665.0
1992,IQ,1361625.0
1993,IQ,771097.0
1994,IQ,753495.0
1995,IQ,736759.0
1996,IQ,796287.0
1997,IQ,760786.0
1998,IQ,702147.0
1999,IQ,680256.0
2000,IQ,583566.0
2001,IQ,580333.0
2002,IQ,466450.0
2003,IQ,474128.0
2004,IQ,552635.0
2005,IQ,369207.0
2006,IQ,1514858.0
2007,IQ,2382464.0
2008,IQ,1948215.0
2009,IQ,1848511.0
2010,IQ,1722784.0
2011,IQ,1526213.0
2012,IQ,852073.0
2013,IQ,504606.0
2014,IQ,489068.0
2015,IQ,510777.0
2016,IQ,609434.0
1985,IR,91045.0
1986,IR,88201.0
1987,IR,11142.0
1988,IR,59359.0
1989,IR,53658.0
1990,IR,76209.0
1991,IR,130746.0
1992,IR,131458.0
1993,IR,115595.0
1994,IR,121362.0
1995,IR,112401.0
1996,IR,107634.0
1997,IR,93996.0
1998,IR,90042.0
1999,IR,86867.0
2000,IR,108974.0
2001,IR,106644.0
2002,IR,152745.0
2003,IR,137751.0
2004,IR,125403.0
2005,IR,112391.0
2006,IR,116298.0
2007,IR,78774.0
2008,IR,80316.0
2009,IR,86530.0
2010,IR,84881.0
2011,IR,90827.0
2012,IR,100007.0
2013,IR,103899.0
2014,IR,118063.0
2015,IR,142054.0
2016,IR,182104.0
1996,IS,4.0
1997,IS,5.0
1998,IS,5.0
1999,IS,5.0
2000,IS,6.0
2002,IS,13.0
2003,IS,15.0
2004,IS,16.0
2005,IS,9.0
2006,IS,33.0
2007,IS,7.0
2008,IS,7.0
2009,IS,5.0
2010,IS,6.0
2011,IS,4.0
2012,IS,5.0
2013,IS,5.0
2014,IS,5.0
2015,IS,3.0
1992,IT,1.0
1993,IT,3.0
1994,IT,146.0
1995,IT,121.0
1996,IT,112.0
1997,IT,112.0
1998,IT,79.0
1999,IT,52.0
2000,IT,84.0
2001,IT,65.0
2002,IT,259.0
2003,IT,239.0
2004,IT,219.0
2005,IT,240.0
2006,IT,122.0
2007,IT,104.0
2008,IT,96.0
2009,IT,79.0
2010,IT,104.0
2011,IT,99.0
2012,IT,130.0
2013,IT,145.0
2014,IT,179.0
2015,IT,217.0
2016,IT,176.0
1993,JM,4.0
1994,JM,7.0
1995,JM,10.0
1996,JM,18.0
1997,JM,21.0
1998,JM,27.0
1999,JM,33.0
2000,JM,212.0
2001,JM,322.0
2002,JM,627.0
2003,JM,671.0
2004,JM,638.0
2005,JM,779.0
2006,JM,933.0
2007,JM,1010.0
2008,JM,1230.0
2009,JM,1491.0
2010,JM,1612.0
2011,JM,1832.0
2012,JM,1905.0
2013,JM,2135.0
2014,JM,2295.0
2015,JM,2698.0
2016,JM,3108.0
1985,JO,103.0
1986,JO,3.0
1987,JO,4.0
1988,JO,8.0
1989,JO,15.0
1990,JO,55.0
1991,JO,112.0
1992,JO,183.0
1993,JO,242.0
1994,JO,443.0
1995,JO,544.0
1996,JO,708.0
1997,JO,719.0
1998,JO,899.0
1999,JO,973.0
2000,JO,1512.0
2001,JO,1341.0
2002,JO,2020.0
2003,JO,1892.0
2004,JO,1892.0
2005,JO,2459.0
2006,JO,2377.0
2007,JO,2531.0
2008,JO,2650.0
2009,JO,2901.0
2010,JO,2876.0
2011,JO,2786.0
2012,JO,3003.0
2013,JO,2650.0
2014,JO,3155.0
2015,JO,3783.0
2016,JO,4424.0
1994,JP,7.0
1995,JP,3.0
1996,JP,2.0
1997,JP,2.0
1998,JP,3.0
1999,JP,3.0
2000,JP,18.0
2001,JP,30.0
2002,JP,46.0
2003,JP,43.0
2004,JP,92.0
2005,JP,69.0
2006,JP,199.0
2007,JP,543.0
2008,JP,217.0
2009,JP,182.0
2010,JP,160.0
2011,JP,218.0
2012,JP,218.0
2013,JP,210.0
2014,JP,326.0
2015,JP,213.0
2016,JP,121.0
1988,KE,2.0
1989,KE,2.0
1990,KE,10.0
1991,KE,33.0
1992,KE,68.0
1993,KE,86.0
1994,KE,8774.0
1995,KE,9330.0
1996,KE,9394.0
1997,KE,9583.0
1998,KE,6056.0
1999,KE,6138.0
2000,KE,8109.0
2001,KE,3281.0
2002,KE,13276.0
2003,KE,14141.0
2004,KE,15067.0
2005,KE,16084.0
2006,KE,6447.0
2007,KE,9277.0
2008,KE,12617.0
2009,KE,13052.0
2010,KE,10595.0
2011,KE,10417.0
2012,KE,10499.0
2013,KE,10796.0
2014,KE,11534.0
2015,KE,12432.0
2016,KE,11045.0
1993,KG,1.0
1994,KG,14.0
1995,KG,22.0
1996,KG,17118.0
1997,KG,16320.0
1998,KG,8844.0
1999,KG,4003.0
2000,KG,1069.0
2001,KG,1073.0
2002,KG,3487.0
2003,KG,3752.0
2004,KG,3755.0
2005,KG,3493.0
2006,KG,3071.0
2007,KG,2694.0
2008,KG,2924.0
2009,KG,3049.0
2010,KG,4319.0
2011,KG,4730.0
2012,KG,4691.0
2013,KG,3588.0
2014,KG,4360.0
2015,KG,4776.0
2016,KG,4903.0
1985,KH,67518.0
1986,KH,54848.0
1987,KH,48589.0
1988,KH,97758.0
1989,KH,75725.0
1990,KH,54364.0
1991,KH,43238.0
1992,KH,37701.0
1993,KH,14970.0
1994,KH,8578.0
1995,KH,61378.0
1996,KH,62613.0
1997,KH,106621.0
1998,KH,83727.0
1999,KH,74485.0
2000,KH,37158.0
2001,KH,35066.0
2002,KH,33919.0
2003,KH,31871.0
2004,KH,18626.0
2005,KH,18670.0
2006,KH,18648.0
2007,KH,18128.0
2008,KH,17471.0
2009,KH,17248.0
2010,KH,16451.0
2011,KH,15391.0
2012,KH,14237.0
2013,KH,13981.0
2014,KH,13334.0
2015,KH,13180.0
2016,KH,12781.0
2002,KI,3.0
2003,KI,16.0
2004,KI,34.0
2005,KI,38.0
2006,KI,45.0
2007,KI,38.0
2008,KI,39.0
2009,KI,34.0
2010,KI,37.0
2011,KI,36.0
2012,KI,43.0
2013,KI,22.0
2014,KI,5.0
2015,KI,5.0
1989,KM,5.0
1990,KM,4.0
1991,KM,2.0
1992,KM,2.0
1993,KM,2.0
1994,KM,5.0
1995,KM,10.0
1996,KM,13.0
1997,KM,10.0
1998,KM,33.0
1999,KM,31.0
2000,KM,122.0
2001,KM,106.0
2002,KM,80.0
2003,KM,106.0
2004,KM,571.0
2005,KM,577.0
2006,KM,84.0
2007,KM,139.0
2008,KM,418.0
2009,KM,281.0
2010,KM,381.0
2011,KM,455.0
2012,KM,504.0
2013,KM,842.0
2014,KM,930.0
2015,KM,784.0
2016,KM,778.0
2000,KN,4.0
2001,KN,2.0
2002,KN,7.0
2003,KN,5.0
2004,KN,2.0
2005,KN,32.0
2006,KN,6.0
2007,KN,10.0
2008,KN,12.0
2009,KN,17.0
2010,KN,20.0
2011,KN,24.0
2012,KN,36.0
2013,KN,41.0
2014,KN,35.0
2015,KN,48.0
2016,KN,61.0
1994,KP,3.0
1995,KP,7.0
1996,KP,11.0
1997,KP,1.0
1998,KP,9.0
1999,KP,13.0
2000,KP,67.0
2001,KP,72.0
2002,KP,330.0
2003,KP,349.0
2004,KP,412.0
2005,KP,403.0
2006,KP,503.0
2007,KP,842.0
2008,KP,1097.0
2009,KP,1010.0
2010,KP,1195.0
2011,KP,1601.0
2012,KP,2159.0
2013,KP,2119.0
2014,KP,1522.0
2015,KP,1331.0
2016,KP,1931.0
1991,KR,5.0
1992,KR,5.0
1993,KR,7.0
1994,KR,17.0
1995,KR,30.0
1996,KR,42.0
1997,KR,48.0
1998,KR,65.0
1999,KR,75.0
2000,KR,432.0
2001,KR,559.0
2002,KR,849.0
2003,KR,740.0
2004,KR,581.0
2005,KR,586.0
2006,KR,1646.0
2007,KR,1577.0
2008,KR,1615.0
2009,KR,892.0
2010,KR,825.0
2011,KR,698.0
2012,KR,748.0
2013,KR,716.0
2014,KR,766.0
2015,KR,614.0
2016,KR,509.0
1990,KW,44.0
1991,KW,47.0
1992,KW,74.0
1993,KW,89.0
1994,KW,756.0
1995,KW,762.0
1996,KW,854.0
1997,KW,825.0
1998,KW,830.0
1999,KW,992.0
2000,KW,793.0
2001,KW,845.0
2002,KW,827.0
2003,KW,725.0
2004,KW,493.0
2005,KW,454.0
2006,KW,742.0
2007,KW,855.0
2008,KW,922.0
2009,KW,1005.0
2010,KW,1085.0
2011,KW,1285.0
2012,KW,1337.0
2013,KW,1167.0
2014,KW,1254.0
2015,KW,1537.0
2016,KW,1651.0
2002,KY,1.0
2003,KY,1.0
2004,KY,1.0
2005,KY,1.0
2006,KY,1.0
2010,KY,1.0
2011,KY,3.0
2012,KY,1.0
2013,KY,6.0
2014,KY,6.0
2015,KY,6.0
2016,KY,6.0
1992,KZ,1.0
1993,KZ,2.0
1994,KZ,27.0
1995,KZ,139.0
1996,KZ,40163.0
1997,KZ,40774.0
1998,KZ,37124.0
1999,KZ,9057.0
2000,KZ,3285.0
2001,KZ,3679.0
2002,KZ,7247.0
2003,KZ,7453.0
2004,KZ,6782.0
2005,KZ,4924.0
2006,KZ,8036.0
2007,KZ,5784.0
2008,KZ,5411.0
2009,KZ,4348.0
2010,KZ,4378.0
2011,KZ,4248.0
2012,KZ,4491.0
2013,KZ,3269.0
2014,KZ,3478.0
2015,KZ,3836.0
2016,KZ,4537.0
1985,LA,99539.0
1986,LA,94084.0
1987,LA,81534.0
1988,LA,136138.0
1989,LA,135424.0
1990,LA,138737.0
1991,LA,125408.0
1992,LA,100815.0
1993,LA,78706.0
1994,LA,60486.0
1995,LA,60719.0
1996,LA,47154.0
1997,LA,37690.0
1998,LA,30355.0
1999,LA,22604.0
2000,LA,16307.0
2001,LA,13600.0
2002,LA,12151.0
2003,LA,10849.0
2004,LA,16590.0
2005,LA,24801.0
2006,LA,26739.0
2007,LA,10181.0
2008,LA,8780.0
2009,LA,8592.0
2010,LA,8485.0
2011,LA,8111.0
2012,LA,7992.0
2013,LA,7795.0
2014,LA,7599.0
2015,LA,7528.0
2016,LA,7387.0
1985,LB,34140.0
1986,LB,630.0
1988,LB,439.0
1989,LB,2197.0
1990,LB,7043.0
1991,LB,8501.0
1992,LB,10257.0
1993,LB,10635.0
1994,LB,15658.0
1995,LB,13523.0
1996,LB,10892.0
1997,LB,10235.0
1998,LB,9787.0
1999,LB,7698.0
2000,LB,13326.0
2001,LB,10654.0
2002,LB,28691.0
2003,LB,27061.0
2004,LB,21476.0
2005,LB,20326.0
2006,LB,15411.0
2007,LB,15670.0
2008,LB,15258.0
2009,LB,18032.0
2010,LB,17390.0
2011,LB,16412.0
2012,LB,17090.0
2013,LB,6560.0
2014,LB,8187.0
2015,LB,10375.0
2016,LB,13145.0
1995,LC,2.0
1996,LC,2.0
1997,LC,3.0
1998,LC,5.0
1999,LC,9.0
2000,LC,39.0
2001,LC,78.0
2002,LC,284.0
2003,LC,290.0
2004,LC,182.0
2005,LC,300.0
2006,LC,305.0
2007,LC,406.0
2008,LC,624.0
2009,LC,912.0
2010,LC,1018.0
2011,LC,1114.0
2012,LC,1082.0
2013,LC,970.0
2014,LC,955.0
2015,LC,1064.0
2016,LC,1189.0
2010,LI,1.0
1985,LK,160.0
1986,LK,315.0
1987,LK,219.0
1988,LK,3490.0
1989,LK,7692.0
1990,LK,208271.0
1991,LK,209349.0
1992,LK,157217.0
1993,LK,91903.0
1994,LK,122632.0
1995,LK,117805.0
1996,LK,109625.0
1997,LK,122288.0
1998,LK,115108.0
1999,LK,116805.0
2000,LK,130687.0
2001,LK,129035.0
2002,LK,139611.0
2003,LK,129995.0
2004,LK,127218.0
2005,LK,115077.0
2006,LK,122070.0
2007,LK,142932.0
2008,LK,146548.0
2009,LK,154776.0
2010,LK,154739.0
2011,LK,149228.0
2012,LK,148245.0
2013,LK,140169.0
2014,LK,139788.0
2015,LK,137109.0
2016,LK,133688.0
1988,LR,30.0
1989,LR,51.0
1990,LR,735689.0
1991,LR,773405.0
1992,LR,601835.0
1993,LR,720342.0
1994,LR,803300.0
1995,LR,754203.0
1996,LR,784745.0
1997,LR,508522.0
1998,LR,605812.0
1999,LR,398958.0
2000,LR,313503.0
2001,LR,253521.0
2002,LR,307894.0
2003,LR,380541.0
2004,LR,399932.0
2005,LR,307427.0
2006,LR,273519.0
2007,LR,139439.0
2008,LR,88415.0
2009,LR,75211.0
2010,LR,73349.0
2011,LR,70523.0
2012,LR,54865.0
2013,LR,19850.0
2014,LR,15963.0
2015,LR,12487.0
2016,LR,9208.0
1986,LS,50.0
1989,LS,4.0
1990,LS,4.0
1991,LS,4.0
1993,LS,58.0
1994,LS,1.0
1995,LS,1.0
1996,LS,2.0
1997,LS,3.0
1998,LS,3.0
1999,LS,3.0
2000,LS,5.0
2001,LS,9.0
2002,LS,9.0
2003,LS,10.0
2004,LS,13.0
2005,LS,13.0
2006,LS,13.0
2007,LS,20.0
2008,LS,25.0
2009,LS,14.0
2010,LS,16.0
2011,LS,175.0
2012,LS,298.0
2013,LS,696.0
2014,LS,683.0
2015,LS,1111.0
2016,LS,698.0
1985,LT,1.0
1990,LT,4.0
1991,LT,4.0
1992,LT,8.0
1993,LT,11.0
1994,LT,63.0
1995,LT,109.0
1996,LT,662.0
1997,LT,649.0
1998,LT,1373.0
1999,LT,258.0
2000,LT,299.0
2001,LT,474.0
2002,LT,1729.0
2003,LT,1904.0
2004,LT,1685.0
2005,LT,1636.0
2006,LT,1109.0
2007,LT,553.0
2008,LT,550.0
2009,LT,617.0
2010,LT,639.0
2011,LT,650.0
2012,LT,585.0
2013,LT,301.0
2014,LT,240.0
2015,LT,216.0
2016,LT,137.0
2003,LU,1.0
2004,LU,1.0
2005,LU,1.0
2006,LU,2.0
2007,LU,2.0
2009,LU,1.0
2010,LU,1.0
2011,LU,1.0
2012,LU,1.0
2013,LU,2.0
2014,LU,3.0
2015,LU,2.0
1992,LV,4.0
1993,LV,4.0
1994,LV,93.0
1995,LV,160.0
1996,LV,1958.0
1997,LV,1915.0
1998,LV,3955.0
1999,LV,907.0
2000,LV,607.0
2001,LV,801.0
2002,LV,3278.0
2003,LV,3377.0
2004,LV,2980.0
2005,LV,2553.0
2006,LV,1527.0
2007,LV,704.0
2008,LV,794.0
2009,LV,877.0
2010,LV,896.0
2011,LV,862.0
2012,LV,769.0
2013,LV,308.0
2014,LV,276.0
2015,LV,277.0
2016,LV,254.0
1985,LY,327.0
1986,LY,304.0
1987,LY,250.0
1988,LY,659.0
1989,LY,655.0
1990,LY,581.0
1991,LY,840.0
1992,LY,686.0
1993,LY,597.0
1994,LY,679.0
1995,LY,624.0
1996,LY,282.0
1997,LY,274.0
1998,LY,433.0
1999,LY,568.0
2000,LY,1161.0
2001,LY,1372.0
2002,LY,2385.0
2003,LY,2474.0
2004,LY,2533.0
2005,LY,2344.0
2006,LY,2245.0
2007,LY,2577.0
2008,LY,2849.0
2009,LY,2843.0
2010,LY,2875.0
2011,LY,155301.0
2012,LY,8214.0
2013,LY,5410.0
2014,LY,8176.0
2015,LY,12162.0
2016,LY,15305.0
1985,MA,1.0
1986,MA,1.0
1987,MA,2.0
1988,MA,3.0
1989,MA,6.0
1990,MA,15.0
1991,MA,44.0
1992,MA,91.0
1993,MA,105.0
1994,MA,180.0
1995,MA,301.0
1996,MA,298.0
1997,MA,310.0
1998,MA,353.0
1999,MA,377.0
2000,MA,574.0
2001,MA,636.0
2002,MA,1568.0
2003,MA,1557.0
2004,MA,1581.0
2005,MA,3383.0
2006,MA,5299.0
2007,MA,4505.0
2008,MA,4067.0
2009,MA,2897.0
2010,MA,3131.0
2011,MA,3465.0
2012,MA,4195.0
2013,MA,4200.0
2014,MA,5025.0
2015,MA,7399.0
2016,MA,9410.0
1996,MC,1.0
1997,MC,1.0
1998,MC,1.0
1999,MC,1.0
2000,MC,1.0
2002,MC,2.0
2003,MC,2.0
2004,MC,1.0
2005,MC,3.0
2006,MC,5.0
2009,MC,1.0
2010,MC,2.0
2011,MC,4.0
2012,MC,4.0
2013,MC,4.0
2014,MC,9.0
2015,MC,5.0
1993,MD,6.0
1994,MD,458.0
1995,MD,529.0
1996,MD,5831.0
1997,MD,5141.0
1998,MD,3171.0
1999,MD,2407.0
2000,MD,3528.0
2001,MD,5887.0
2002,MD,11652.0
2003,MD,12127.0
2004,MD,12560.0
2005,MD,12642.0
2006,MD,12957.0
2007,MD,5827.0
2008,MD,6443.0
2009,MD,6664.0
2010,MD,6833.0
2011,MD,6724.0
2012,MD,6593.0
2013,MD,3085.0
2014,MD,3735.0
2015,MD,5721.0
2016,MD,6366.0
2006,ME,259.0
2007,ME,856.0
2008,ME,1464.0
2009,ME,2757.0
2010,ME,3431.0
2011,ME,4003.0
2012,ME,4426.0
2013,ME,1126.0
2014,ME,1899.0
2015,ME,3664.0
2016,ME,1830.0
1991,MG,1.0
1992,MG,1.0
1993,MG,1.0
1994,MG,3.0
1995,MG,79.0
1996,MG,79.0
1997,MG,76.0
1998,MG,67.0
1999,MG,54.0
2000,MG,70.0
2001,MG,51.0
2002,MG,70.0
2003,MG,121.0
2004,MG,153.0
2005,MG,222.0
2006,MG,285.0
2007,MG,289.0
2008,MG,294.0
2009,MG,306.0
2010,MG,292.0
2011,MG,307.0
2012,MG,334.0
2013,MG,469.0
2014,MG,495.0
2015,MG,464.0
2016,MG,303.0
2002,MH,1.0
2012,MH,2.0
2013,MH,8.0
2014,MH,9.0
2015,MH,9.0
1993,MK,3792.0
1994,MK,532.0
1995,MK,13043.0
1996,MK,14363.0
1997,MK,14069.0
1998,MK,3261.0
1999,MK,3411.0
2000,MK,4002.0
2001,MK,194311.0
2002,MK,28563.0
2003,MK,12954.0
2004,MK,8032.0
2005,MK,9935.0
2006,MK,10291.0
2007,MK,9588.0
2008,MK,8605.0
2009,MK,8801.0
2010,MK,10777.0
2011,MK,10000.0
2012,MK,12326.0
2013,MK,8327.0
2014,MK,9754.0
2015,MK,16398.0
2016,MK,8588.0
1990,ML,1.0
1991,ML,14704.0
1992,ML,71189.0
1993,ML,98573.0
1994,ML,172905.0
1995,ML,110141.0
1996,ML,77174.0
1997,ML,52511.0
1998,ML,34091.0
1999,ML,8932.0
2000,ML,4059.0
2001,ML,4179.0
2002,ML,4348.0
2003,ML,4193.0
2004,ML,4178.0
2005,ML,4373.0
2006,ML,4524.0
2007,ML,5130.0
2008,ML,2508.0
2009,ML,3692.0
2010,ML,4066.0
2011,ML,4699.0
2012,ML,151845.0
2013,ML,173676.0
2014,ML,172517.0
2015,ML,168213.0
2016,ML,175811.0
1988,MM,7.0
1989,MM,4.0
1990,MM,28.0
1991,MM,40053.0
1992,MM,253660.0
1993,MM,327704.0
1994,MM,289810.0
1995,MM,218302.0
1996,MM,166114.0
1997,MM,145842.0
1998,MM,133513.0
1999,MM,132791.0
2000,MM,139472.0
2001,MM,147271.0
2002,MM,151297.0
2003,MM,170032.0
2004,MM,172734.0
2005,MM,206102.0
2006,MM,229140.0
2007,MM,210337.0
2008,MM,206750.0
2009,MM,429258.0
2010,MM,437940.0
2011,MM,438738.0
2012,MM,441006.0
2013,MM,527805.0
2014,MM,530764.0
2015,MM,512866.0
2016,MM,546537.0
1990,MN,1.0
1991,MN,1.0
1992,MN,1.0
1993,MN,1.0
1994,MN,4.0
1995,MN,4.0
1996,MN,7.0
1997,MN,9.0
1998,MN,19.0
1999,MN,25.0
2000,MN,625.0
2001,MN,911.0
2002,MN,1318.0
2003,MN,1024.0
2004,MN,1004.0
2005,MN,1300.0
2006,MN,2720.0
2007,MN,3062.0
2008,MN,3403.0
2009,MN,3780.0
2010,MN,3526.0
2011,MN,3436.0
2012,MN,3062.0
2013,MN,3324.0
2014,MN,4641.0
2015,MN,5734.0
2016,MN,6067.0
1995,MQ,1.0
1996,MQ,1.0
1997,MQ,1.0
1985,MR,1.0
1986,MR,1.0
1987,MR,1.0
1988,MR,2.0
1989,MR,48238.0
1990,MR,65999.0
1991,MR,81281.0
1992,MR,80084.0
1993,MR,68892.0
1994,MR,68043.0
1995,MR,85170.0
1996,MR,84691.0
1997,MR,80986.0
1998,MR,77174.0
1999,MR,29949.0
2000,MR,31540.0
2001,MR,32430.0
2002,MR,33116.0
2003,MR,33408.0
2004,MR,33698.0
2005,MR,33955.0
2006,MR,35240.0
2007,MR,34125.0
2008,MR,53421.0
2009,MR,52067.0
2010,MR,39888.0
2011,MR,41888.0
2012,MR,43016.0
2013,MR,38114.0
2014,MR,41142.0
2015,MR,42149.0
2016,MR,43583.0
1988,MT,1.0
1989,MT,1.0
1990,MT,1.0
1991,MT,1.0
1992,MT,1.0
1994,MT,7.0
1995,MT,13.0
1996,MT,18.0
1997,MT,14.0
1998,MT,17.0
1999,MT,22.0
2000,MT,20.0
2001,MT,10.0
2002,MT,12.0
2003,MT,16.0
2004,MT,7.0
2005,MT,7.0
2006,MT,32.0
2007,MT,10.0
2008,MT,9.0
2009,MT,9.0
2010,MT,7.0
2011,MT,6.0
2012,MT,6.0
2013,MT,6.0
2014,MT,6.0
2015,MT,5.0
1994,MU,1.0
1995,MU,13.0
1996,MU,13.0
1997,MU,3.0
1998,MU,15.0
1999,MU,8.0
2000,MU,46.0
2001,MU,56.0
2002,MU,68.0
2003,MU,82.0
2004,MU,36.0
2005,MU,45.0
2006,MU,102.0
2007,MU,95.0
2008,MU,49.0
2009,MU,40.0
2010,MU,71.0
2011,MU,148.0
2012,MU,180.0
2013,MU,206.0
2014,MU,259.0
2015,MU,312.0
2016,MU,299.0
1988,MV,1.0
1989,MV,1.0
1990,MV,1.0
1991,MV,1.0
1996,MV,1.0
1997,MV,1.0
1998,MV,2.0
1999,MV,3.0
2000,MV,7.0
2001,MV,4.0
2002,MV,4.0
2003,MV,4.0
2004,MV,9.0
2005,MV,17.0
2006,MV,20.0
2007,MV,19.0
2008,MV,17.0
2009,MV,16.0
2010,MV,22.0
2011,MV,23.0
2012,MV,56.0
2013,MV,57.0
2014,MV,45.0
2015,MV,70.0
2016,MV,83.0
1985,MW,450.0
1986,MW,440.0
1987,MW,450.0
1988,MW,4.0
1989,MW,4.0
1990,MW,53.0
1991,MW,50.0
1992,MW,50.0
1993,MW,45.0
1994,MW,67.0
1995,MW,92.0
1996,MW,39.0
1997,MW,34.0
1998,MW,28.0
1999,MW,34.0
2000,MW,40.0
2001,MW,42.0
2002,MW,199.0
2003,MW,1511.0
2004,MW,3030.0
2005,MW,3950.0
2006,MW,159.0
2007,MW,8287.0
2008,MW,8316.0
2009,MW,176.0
2010,MW,240.0
2011,MW,3190.0
2012,MW,4825.0
2013,MW,4604.0
2014,MW,4258.0
2015,MW,6106.0
2016,MW,4144.0
1994,MX,248.0
1995,MX,361.0
1996,MX,521.0
1997,MX,665.0
1998,MX,1016.0
1999,MX,1359.0
2000,MX,14356.0
2001,MX,24067.0
2002,MX,32543.0
2003,MX,28113.0
2004,MX,20580.0
2005,MX,14927.0
2006,MX,15121.0
2007,MX,20338.0
2008,MX,23605.0
2009,MX,26848.0
2010,MX,16786.0
2011,MX,12811.0
2012,MX,12040.0
2013,MX,21657.0
2014,MX,40020.0
2015,MX,57586.0
2016,MX,74612.0
1991,MY,3.0
1992,MY,4.0
1993,MY,4.0
1994,MY,82.0
1995,MY,79.0
1996,MY,103.0
1997,MY,87.0
1998,MY,90.0
1999,MY,86.0
2000,MY,325.0
2001,MY,394.0
2002,MY,603.0
2003,MY,567.0
2004,MY,468.0
2005,MY,576.0
2006,MY,715.0
2007,MY,731.0
2008,MY,746.0
2009,MY,681.0
2010,MY,680.0
2011,MY,679.0
2012,MY,705.0
2013,MY,768.0
2014,MY,1425.0
2015,MY,3272.0
2016,MY,6575.0
1985,MZ,72250.0
1986,MZ,193550.0
1987,MZ,692460.0
1988,MZ,926538.0
1989,MZ,1125128.0
1990,MZ,1248502.0
1991,MZ,1316976.0
1992,MZ,1446175.0
1993,MZ,1566976.0
1994,MZ,1008298.0
1995,MZ,171996.0
1996,MZ,36262.0
1997,MZ,33682.0
1998,MZ,98.0
1999,MZ,35.0
2000,MZ,36.0
2001,MZ,67.0
2002,MZ,189.0
2003,MZ,279.0
2004,MZ,418.0
2005,MZ,475.0
2006,MZ,246.0
2007,MZ,907.0
2008,MZ,890.0
2009,MZ,145.0
2010,MZ,155.0
2011,MZ,517.0
2012,MZ,1030.0
2013,MZ,1492.0
2014,MZ,1469.0
2015,MZ,2260.0
2016,MZ,11487.0
1985,NA,76916.0
1986,NA,76966.0
1987,NA,75786.0
1988,NA,76751.0
1989,NA,74874.0
1990,NA,3302.0
1991,NA,454.0
1992,NA,156.0
1993,NA,144.0
1994,NA,123.0
1995,NA,35.0
1996,NA,14.0
1997,NA,2.0
1998,NA,1903.0
1999,NA,2083.0
2000,NA,2323.0
2001,NA,2450.0
2002,NA,2495.0
2003,NA,1483.0
2004,NA,1496.0
2005,NA,1320.0
2006,NA,1257.0
2007,NA,1202.0
2008,NA,1033.0
2009,NA,1000.0
2010,NA,1393.0
2011,NA,2208.0
2012,NA,1681.0
2013,NA,1459.0
2014,NA,1320.0
2015,NA,1372.0
2016,NA,1483.0
2005,NC,7.0
2006,NC,1.0
2008,NC,2.0
1991,NE,2.0
1992,NE,22008.0
1993,NE,22309.0
1994,NE,22027.0
1995,NE,10491.0
1996,NE,10361.0
1997,NE,3191.0
1998,NE,4253.0
1999,NE,528.0
2000,NE,747.0
2001,NE,901.0
2002,NE,1398.0
2003,NE,1187.0
2004,NE,1049.0
2005,NE,1247.0
2006,NE,1299.0
2007,NE,1104.0
2008,NE,1067.0
2009,NE,1102.0
2010,NE,1128.0
2011,NE,1105.0
2012,NE,1197.0
2013,NE,1117.0
2014,NE,1301.0
2015,NE,2174.0
2016,NE,2031.0
2014,NF,1.0
2015,NF,1.0
1985,NG,1.0
1986,NG,2.0
1987,NG,3.0
1988,NG,13.0
1989,NG,14.0
1990,NG,16.0
1991,NG,23.0
1992,NG,76.0
1993,NG,100.0
1994,NG,592.0
1995,NG,1947.0
1996,NG,4845.0
1997,NG,3059.0
1998,NG,4001.0
1999,NG,4442.0
2000,NG,9208.0
2001,NG,10233.0
2002,NG,32351.0
2003,NG,39098.0
2004,NG,37522.0
2005,NG,43568.0
2006,NG,21623.0
2007,NG,23753.0
2008,NG,24647.0
2009,NG,25272.0
2010,NG,27569.0
2011,NG,27674.0
2012,NG,32209.0
2013,NG,52580.0
2014,NG,192204.0
2015,NG,219389.0
2016,NG,295592.0
1985,NI,52650.0
1986,NI,67550.0
1987,NI,75520.0
1988,NI,97325.0
1989,NI,100500.0
1990,NI,88188.0
1991,NI,52889.0
1992,NI,46315.0
1993,NI,33424.0
1994,NI,28657.0
1995,NI,23953.0
1996,NI,23832.0
1997,NI,22534.0
1998,NI,21477.0
1999,NI,20634.0
2000,NI,18363.0
2001,NI,17586.0
2002,NI,13994.0
2003,NI,10850.0
2004,NI,8064.0
2005,NI,5933.0
2006,NI,4136.0
2007,NI,2725.0
2008,NI,2005.0
2009,NI,1915.0
2010,NI,1610.0
2011,NI,1607.0
2012,NI,1654.0
2013,NI,2053.0
2014,NI,2314.0
2015,NI,2726.0
2016,NI,3520.0
1994,NL,75.0
1995,NL,85.0
1996,NL,96.0
1997,NL,77.0
1998,NL,57.0
1999,NL,29.0
2000,NL,28.0
2001,NL,14.0
2002,NL,40.0
2003,NL,65.0
2004,NL,82.0
2005,NL,201.0
2006,NL,57.0
2007,NL,64.0
2008,NL,74.0
2009,NL,75.0
2010,NL,77.0
2011,NL,109.0
2012,NL,101.0
2013,NL,95.0
2014,NL,109.0
2015,NL,125.0
2016,NL,70.0
1994,NO,2.0
1995,NO,1.0
1996,NO,1.0
1997,NO,3.0
1998,NO,4.0
1999,NO,4.0
2000,NO,5.0
2001,NO,3.0
2002,NO,5.0
2003,NO,8.0
2004,NO,12.0
2005,NO,16.0
2006,NO,5.0
2007,NO,9.0
2008,NO,5.0
2009,NO,9.0
2010,NO,7.0
2011,NO,12.0
2012,NO,14.0
2013,NO,17.0
2014,NO,15.0
2015,NO,19.0
2016,NO,5.0
1992,NP,1.0
1993,NP,1.0
1994,NP,4.0
1995,NP,27.0
1996,NP,44.0
1997,NP,52.0
1998,NP,101.0
1999,NP,186.0
2000,NP,680.0
2001,NP,857.0
2002,NP,1508.0
2003,NP,1958.0
2004,NP,2728.0
2005,NP,4490.0
2006,NP,5078.0
2007,NP,5512.0
2008,NP,6303.0
2009,NP,6927.0
2010,NP,7068.0
2011,NP,8873.0
2012,NP,10133.0
2013,NP,11912.0
2014,NP,15280.0
2015,NP,18024.0
2016,NP,19853.0
1999,NR,3.0
2000,NR,3.0
2001,NR,1.0
2002,NR,1.0
2003,NR,4.0
2004,NR,1.0
2005,NR,3.0
2006,NR,3.0
2007,NR,4.0
2008,NR,4.0
2011,NR,3.0
2015,NR,1.0
2003,NU,2.0
2011,NU,7.0
2012,NU,10.0
2013,NU,14.0
2014,NU,46.0
2015,NU,36.0
2016,NU,19.0
2000,NZ,2.0
2001,NZ,6.0
2002,NZ,8.0
2003,NZ,7.0
2004,NZ,6.0
2005,NZ,9.0
2006,NZ,15.0
2007,NZ,18.0
2008,NZ,18.0
2009,NZ,12.0
2010,NZ,19.0
2011,NZ,27.0
2012,NZ,28.0
2013,NZ,25.0
2014,NZ,33.0
2015,NZ,33.0
2016,NZ,41.0
1994,OM,3.0
1995,OM,10.0
1996,OM,10.0
1997,OM,10.0
1998,OM,11.0
1999,OM,11.0
2000,OM,15.0
2001,OM,10.0
2002,OM,29.0
2003,OM,22.0
2004,OM,26.0
2005,OM,20.0
2006,OM,46.0
2007,OM,47.0
2008,OM,60.0
2009,OM,72.0
2010,OM,71.0
2011,OM,64.0
2012,OM,70.0
2013,OM,31.0
2014,OM,46.0
2015,OM,55.0
2016,OM,34.0
1988,PA,47.0
1989,PA,365.0
1990,PA,629.0
1991,PA,640.0
1992,PA,652.0
1993,PA,679.0
1994,PA,486.0
1995,PA,160.0
1996,PA,149.0
1997,PA,122.0
1998,PA,85.0
1999,PA,72.0
2000,PA,376.0
2001,PA,111.0
2002,PA,152.0
2003,PA,239.0
2004,PA,109.0
2005,PA,100.0
2006,PA,95.0
2007,PA,143.0
2008,PA,147.0
2009,PA,145.0
2010,PA,153.0
2011,PA,134.0
2012,PA,138.0
2013,PA,133.0
2014,PA,119.0
2015,PA,125.0
2016,PA,109.0
1988,PE,4.0
1989,PE,28.0
1990,PE,256.0
1991,PE,475.0
1992,PE,727.0
1993,PE,1983.0
1994,PE,4345.0
1995,PE,5914.0
1996,PE,6743.0
1997,PE,6610.0
1998,PE,7074.0
1999,PE,7231.0
2000,PE,9391.0
2001,PE,9266.0
2002,PE,10030.0
2003,PE,8365.0
2004,PE,6883.0
2005,PE,6517.0
2006,PE,8915.0
2007,PE,10808.0
2008,PE,9843.0
2009,PE,12088.0
2010,PE,10611.0
2011,PE,5990.0
2012,PE,5553.0
2013,PE,5472.0
2014,PE,5376.0
2015,PE,5138.0
2016,PE,4870.0
2003,PF,1.0
2005,PF,1.0
2006,PF,1.0
1995,PG,2000.0
1996,PG,2008.0
1997,PG,808.0
1998,PG,220.0
1999,PG,9.0
2000,PG,11.0
2001,PG,11.0
2002,PG,24.0
2003,PG,28.0
2004,PG,20.0
2005,PG,44.0
2006,PG,40.0
2007,PG,60.0
2008,PG,65.0
2009,PG,82.0
2010,PG,131.0
2011,PG,177.0
2012,PG,260.0
2013,PG,370.0
2014,PG,505.0
2015,PG,539.0
2016,PG,652.0
1985,PH,90000.0
1986,PH,90000.0
1987,PH,90000.0
1988,PH,90000.0
1989,PH,90000.0
1990,PH,10.0
1991,PH,15.0
1992,PH,46.0
1993,PH,113.0
1994,PH,436.0
1995,PH,516.0
1996,PH,598.0
1997,PH,525.0
1998,PH,45601.0
1999,PH,45520.0
2000,PH,47339.0
2001,PH,47311.0
2002,PH,47631.0
2003,PH,59444.0
2004,PH,62736.0
2005,PH,62647.0
2006,PH,63001.0
2007,PH,63624.0
2008,PH,63578.0
2009,PH,63111.0
2010,PH,81645.0
2011,PH,81321.0
2012,PH,81366.0
2013,PH,81643.0
2014,PH,81843.0
2015,PH,82551.0
2016,PH,83556.0
1985,PK,1.0
1986,PK,1.0
1987,PK,1.0
1988,PK,275.0
1989,PK,410.0
1990,PK,486.0
1991,PK,525.0
1992,PK,1090.0
1993,PK,1424.0
1994,PK,4430.0
1995,PK,5277.0
1996,PK,7522.0
1997,PK,5985.0
1998,PK,6889.0
1999,PK,8015.0
2000,PK,17338.0
2001,PK,20334.0
2002,PK,34544.0
2003,PK,41240.0
2004,PK,41745.0
2005,PK,46371.0
2006,PK,32399.0
2007,PK,40478.0
2008,PK,38662.0
2009,PK,39890.0
2010,PK,60004.0
2011,PK,53099.0
2012,PK,73517.0
2013,PK,96296.0
2014,PK,381132.0
2015,PK,361865.0
2016,PK,173075.0
1985,PL,1855.0
1986,PL,1102.0
1987,PL,1475.0
1988,PL,23266.0
1989,PL,23072.0
1990,PL,25632.0
1991,PL,21643.0
1992,PL,14518.0
1993,PL,13390.0
1994,PL,35938.0
1995,PL,19732.0
1996,PL,12870.0
1997,PL,7294.0
1998,PL,1880.0
1999,PL,1245.0
2000,PL,1416.0
2001,PL,4071.0
2002,PL,17533.0
2003,PL,16113.0
2004,PL,11255.0
2005,PL,20253.0
2006,PL,13892.0
2007,PL,3107.0
2008,PL,2618.0
2009,PL,2306.0
2010,PL,1920.0
2011,PL,2171.0
2012,PL,1963.0
2013,PL,1709.0
2014,PL,1583.0
2015,PL,1701.0
2016,PL,1700.0
1994,PR,12.0
1995,PR,12.0
1996,PR,12.0
1994,PT,25.0
1995,PT,25.0
1996,PT,217.0
1997,PT,213.0
1998,PT,18.0
1999,PT,15.0
2000,PT,99.0
2001,PT,162.0
2002,PT,613.0
2003,PT,456.0
2004,PT,261.0
2005,PT,201.0
2006,PT,72.0
2007,PT,75.0
2008,PT,71.0
2009,PT,79.0
2010,PT,94.0
2011,PT,97.0
2012,PT,82.0
2013,PT,76.0
2014,PT,65.0
2015,PT,93.0
2016,PT,76.0
2000,PW,1.0
2002,PW,2.0
2003,PW,2.0
2004,PW,2.0
2005,PW,1.0
2006,PW,1.0
2007,PW,2.0
2008,PW,1.0
2012,PW,1.0
2013,PW,7.0
2014,PW,5.0
2015,PW,4.0
1990,PY,19.0
1991,PY,8.0
1992,PY,9.0
1993,PY,14.0
1994,PY,71.0
1995,PY,51.0
1996,PY,44.0
1997,PY,20.0
1998,PY,21.0
1999,PY,18.0
2000,PY,33.0
2001,PY,28.0
2002,PY,80.0
2003,PY,86.0
2004,PY,84.0
2005,PY,79.0
2006,PY,142.0
2007,PY,147.0
2008,PY,133.0
2009,PY,109.0
2010,PY,110.0
2011,PY,113.0
2012,PY,125.0
2013,PY,125.0
2014,PY,129.0
2015,PY,163.0
2016,PY,171.0
1994,QA,49.0
1995,QA,30.0
1996,QA,18.0
1997,QA,19.0
1998,QA,23.0
1999,QA,8.0
2000,QA,31.0
2001,QA,31.0
2002,QA,39.0
2003,QA,31.0
2004,QA,14.0
2005,QA,18.0
2006,QA,58.0
2007,QA,64.0
2008,QA,74.0
2009,QA,73.0
2010,QA,119.0
2011,QA,102.0
2012,QA,130.0
2013,QA,22.0
2014,QA,30.0
2015,QA,34.0
2016,QA,33.0
1985,RO,3731.0
1986,RO,1024.0
1987,RO,2570.0
1988,RO,20947.0
1989,RO,45978.0
1990,RO,51802.0
1991,RO,27327.0
1992,RO,25118.0
1993,RO,23577.0
1994,RO,22286.0
1995,RO,16980.0
1996,RO,11899.0
1997,RO,8951.0
1998,RO,10921.0
1999,RO,8558.0
2000,RO,9814.0
2001,RO,8861.0
2002,RO,11144.0
2003,RO,10556.0
2004,RO,7383.0
2005,RO,12631.0
2006,RO,8554.0
2007,RO,5872.0
2008,RO,5148.0
2009,RO,4779.0
2010,RO,4260.0
2011,RO,3901.0
2012,RO,3424.0
2013,RO,3487.0
2014,RO,2975.0
2015,RO,3113.0
2016,RO,3670.0
1985,RS,91.0
1986,RS,72.0
1987,RS,42.0
1988,RS,99.0
1989,RS,98.0
1990,RS,1745.0
1991,RS,53323.0
1992,RS,93581.0
1993,RS,58253.0
1994,RS,55092.0
1995,RS,86612.0
1996,RS,108145.0
1997,RS,109047.0
1998,RS,452610.0
1999,RS,1273484.0
2000,RS,672985.0
2001,RS,571104.0
2002,RS,704669.0
2003,RS,664636.0
2004,RS,595528.0
2005,RS,547763.0
2006,RS,513661.0
2007,RS,409175.0
2008,RS,456423.0
2009,RS,463475.0
2010,RS,447229.0
2011,RS,424706.0
2012,RS,415445.0
2013,RS,308195.0
2014,RS,316611.0
2015,RS,312812.0
2016,RS,278847.0
1985,RU,11582.0
1986,RU,10226.0
1987,RU,8683.0
1988,RU,33636.0
1989,RU,68496.0
1990,RU,117736.0
1991,RU,155576.0
1992,RU,213802.0
1993,RU,243313.0
1994,RU,251397.0
1995,RU,207035.0
1996,RU,173740.0
1997,RU,198105.0
1998,RU,174865.0
1999,RU,28332.0
2000,RU,51177.0
2001,RU,59869.0
2002,RU,111291.0
2003,RU,117518.0
2004,RU,121167.0
2005,RU,118916.0
2006,RU,178890.0
2007,RU,111238.0
2008,RU,119152.0
2009,RU,123083.0
2010,RU,122767.0
2011,RU,125668.0
2012,RU,129843.0
2013,RU,104265.0
2014,RU,98371.0
2015,RU,94547.0
2016,RU,97757.0
1985,RW,378951.0
1986,RW,371911.0
1987,RW,353441.0
1988,RW,327539.0
1989,RW,319501.0
1990,RW,361322.0
1991,RW,431240.0
1992,RW,434876.0
1993,RW,450769.0
1994,RW,3465578.0
1995,RW,2058111.0
1996,RW,1879918.0
1997,RW,288283.0
1998,RW,91664.0
1999,RW,130288.0
2000,RW,169956.0
2001,RW,132025.0
2002,RW,124922.0
2003,RW,108644.0
2004,RW,83100.0
2005,RW,125998.0
2006,RW,107568.0
2007,RW,98711.0
2008,RW,90431.0
2009,RW,154518.0
2010,RW,136749.0
2011,RW,124613.0
2012,RW,118924.0
2013,RW,104210.0
2014,RW,99982.0
2015,RW,307844.0
2016,RW,309382.0
1993,SA,7.0
1994,SA,183.0
1995,SA,260.0
1996,SA,242.0
1997,SA,358.0
1998,SA,362.0
1999,SA,233.0
2000,SA,129.0
2001,SA,188.0
2002,SA,220.0
2003,SA,339.0
2004,SA,301.0
2005,SA,222.0
2006,SA,671.0
2007,SA,797.0
2008,SA,751.0
2009,SA,690.0
2010,SA,747.0
2011,SA,857.0
2012,SA,968.0
2013,SA,806.0
2014,SA,1033.0
2015,SA,1286.0
2016,SA,1880.0
1995,SB,34.0
1996,SB,34.0
1997,SB,34.0
1998,SB,34.0
1999,SB,34.0
2000,SB,57.0
2001,SB,55.0
2002,SB,58.0
2003,SB,71.0
2004,SB,71.0
2005,SB,38.0
2006,SB,65.0
2007,SB,70.0
2008,SB,52.0
2009,SB,66.0
2010,SB,75.0
2011,SB,76.0
2012,SB,68.0
2013,SB,72.0
2014,SB,91.0
2015,SB,108.0
2016,SB,145.0
1985,SC,2.0
1986,SC,2.0
1987,SC,2.0
1988,SC,51.0
1989,SC,51.0
1990,SC,60.0
1991,SC,69.0
1992,SC,61.0
1993,SC,28.0
1994,SC,553.0
1995,SC,339.0
1996,SC,138.0
1997,SC,33.0
1998,SC,39.0
1999,SC,29.0
2000,SC,35.0
2001,SC,37.0
2002,SC,72.0
2003,SC,53.0
2004,SC,54.0
2005,SC,50.0
2006,SC,69.0
2007,SC,66.0
2008,SC,69.0
2009,SC,58.0
2010,SC,53.0
2011,SC,48.0
2012,SC,30.0
2013,SC,31.0
2014,SC,42.0
2015,SC,42.0
2016,SC,10.0
1985,SD,181255.0
1986,SD,132759.0
1987,SD,253216.0
1988,SD,348630.0
1989,SD,438899.0
1990,SD,542438.0
1991,SD,566242.0
1992,SD,271897.0
1993,SD,401517.0
1994,SD,405139.0
1995,SD,445311.0
1996,SD,476423.0
1997,SD,433929.0
1998,SD,395122.0
1999,SD,489128.0
2000,SD,513744.0
2001,SD,514961.0
2002,SD,523277.0
2003,SD,613060.0
2004,SD,742901.0
2005,SD,725636.0
2006,SD,745217.0
2007,SD,673142.0
2008,SD,527865.0
2009,SD,418256.0
2010,SD,418074.0
2011,SD,504705.0
2012,SD,433157.0
2013,SD,486191.0
2014,SD,489552.0
2015,SD,468508.0
2016,SD,493242.0
1994,SE,11.0
1995,SE,25.0
1996,SE,38.0
1997,SE,40.0
1998,SE,41.0
1999,SE,31.0
2000,SE,23.0
2001,SE,14.0
2002,SE,41.0
2003,SE,52.0
2004,SE,37.0
2005,SE,85.0
2006,SE,34.0
2007,SE,23.0
2008,SE,32.0
2009,SE,33.0
2010,SE,50.0
2011,SE,41.0
2012,SE,39.0
2013,SE,25.0
2014,SE,28.0
2015,SE,33.0
2016,SE,19.0
1988,SG,8.0
1989,SG,3.0
1992,SG,1.0
1993,SG,1.0
1994,SG,9.0
1995,SG,9.0
1996,SG,19.0
1997,SG,22.0
1998,SG,23.0
1999,SG,25.0
2000,SG,40.0
2001,SG,35.0
2002,SG,60.0
2003,SG,58.0
2004,SG,53.0
2005,SG,67.0
2006,SG,124.0
2007,SG,135.0
2008,SG,125.0
2009,SG,93.0
2010,SG,89.0
2011,SG,90.0
2012,SG,98.0
2013,SG,99.0
2014,SG,97.0
2015,SG,104.0
2016,SG,81.0
1993,SI,56858.0
1994,SI,29624.0
1995,SI,25676.0
1996,SI,6536.0
1997,SI,6582.0
1998,SI,6470.0
1999,SI,6463.0
2000,SI,6474.0
2001,SI,1453.0
2002,SI,1543.0
2003,SI,1075.0
2004,SI,1058.0
2005,SI,176.0
2006,SI,1776.0
2007,SI,63.0
2008,SI,64.0
2009,SI,58.0
2010,SI,54.0
2011,SI,40.0
2012,SI,47.0
2013,SI,44.0
2014,SI,33.0
2015,SI,36.0
2016,SI,27.0
2015,SJ,1.0
1994,SK,12.0
1995,SK,26.0
1996,SK,57.0
1997,SK,70.0
1998,SK,143.0
1999,SK,178.0
2000,SK,1018.0
2001,SK,863.0
2002,SK,1301.0
2003,SK,1067.0
2004,SK,830.0
2005,SK,994.0
2006,SK,1023.0
2007,SK,446.0
2008,SK,463.0
2009,SK,687.0
2010,SK,585.0
2011,SK,810.0
2012,SK,870.0
2013,SK,720.0
2014,SK,646.0
2015,SK,874.0
2016,SK,1372.0
1988,SL,8.0
1989,SL,9.0
1990,SL,9.0
1991,SL,142614.0
1992,SL,266572.0
1993,SL,314072.0
1994,SL,275415.0
1995,SL,379495.0
1996,SL,375608.0
1997,SL,331127.0
1998,SL,600718.0
1999,SL,493563.0
2000,SL,450606.0
2001,SL,280522.0
2002,SL,224928.0
2003,SL,110756.0
2004,SL,76205.0
2005,SL,46576.0
2006,SL,48636.0
2007,SL,37157.0
2008,SL,35480.0
2009,SL,23249.0
2010,SL,14543.0
2011,SL,11073.0
2012,SL,10137.0
2013,SL,9271.0
2014,SL,9688.0
2015,SL,9888.0
2016,SL,10739.0
1997,SM,2.0
1998,SM,4.0
1999,SM,4.0
2000,SM,6.0
2001,SM,1.0
2002,SM,3.0
2003,SM,2.0
2004,SM,1.0
2005,SM,4.0
2006,SM,4.0
2007,SM,3.0
2008,SM,2.0
2009,SM,2.0
2010,SM,2.0
2011,SM,1.0
2012,SM,1.0
2013,SM,1.0
2014,SM,1.0
2015,SM,2.0
1988,SN,5.0
1989,SN,15006.0
1990,SN,60006.0
1991,SN,25138.0
1992,SN,16176.0
1993,SN,23699.0
1994,SN,25622.0
1995,SN,17592.0
1996,SN,17633.0
1997,SN,17163.0
1998,SN,9716.0
1999,SN,12031.0
2000,SN,12022.0
2001,SN,12259.0
2002,SN,12875.0
2003,SN,9193.0
2004,SN,9885.0
2005,SN,10521.0
2006,SN,16406.0
2007,SN,16801.0
2008,SN,16827.0
2009,SN,16938.0
2010,SN,17802.0
2011,SN,18659.0
2012,SN,21387.0
2013,SN,24534.0
2014,SN,31921.0
2015,SN,35593.0
2016,SN,39297.0
1985,SO,1830.0
1986,SO,3142.0
1987,SO,60162.0
1988,SO,351993.0
1989,SO,360309.0
1990,SO,490364.0
1991,SO,733024.0
1992,SO,802038.0
1993,SO,641231.0
1994,SO,692601.0
1995,SO,681808.0
1996,SO,638786.0
1997,SO,677421.0
1998,SO,626923.0
1999,SO,552561.0
2000,SO,535581.0
2001,SO,509664.0
2002,SO,480327.0
2003,SO,429386.0
2004,SO,429910.0
2005,SO,439999.0
2006,SO,489905.0
2007,SO,476008.0
2008,SO,583176.0
2009,SO,699455.0
2010,SO,793046.0
2011,SO,1108740.0
2012,SO,1170504.0
2013,SO,1194560.0
2014,SO,1160295.0
2015,SO,1212810.0
2016,SO,1108840.0
1989,SR,6601.0
1990,SR,6620.0
1991,SR,6551.0
1992,SR,7125.0
1993,SR,893.0
1994,SR,915.0
1995,SR,817.0
1996,SR,754.0
1997,SR,663.0
1998,SR,491.0
1999,SR,411.0
2000,SR,386.0
2001,SR,291.0
2002,SR,149.0
2003,SR,107.0
2004,SR,85.0
2005,SR,50.0
2006,SR,91.0
2007,SR,75.0
2008,SR,63.0
2009,SR,57.0
2010,SR,32.0
2011,SR,28.0
2012,SR,34.0
2013,SR,38.0
2014,SR,64.0
2015,SR,69.0
2016,SR,36.0
1985,SV,181224.0
1986,SV,172054.0
1987,SV,173504.0
1988,SV,169873.0
1989,SV,42732.0
1990,SV,38309.0
1991,SV,35599.0
1992,SV,33766.0
1993,SV,26770.0
1994,SV,31164.0
1995,SV,23726.0
1996,SV,20869.0
1997,SV,17255.0
1998,SV,12665.0
1999,SV,12440.0
2000,SV,185164.0
2001,SV,172139.0
2002,SV,158219.0
2003,SV,134323.0
2004,SV,96269.0
2005,SV,49486.0
2006,SV,35171.0
2007,SV,24637.0
2008,SV,16311.0
2009,SV,14802.0
2010,SV,6531.0
2011,SV,8356.0
2012,SV,9819.0
2013,SV,20906.0
2014,SV,29006.0
2015,SV,46232.0
2016,SV,81751.0
1985,SY,2599.0
1986,SY,534.0
1987,SY,20.0
1988,SY,881.0
1989,SY,397.0
1990,SY,2148.0
1991,SY,3037.0
1992,SY,4408.0
1993,SY,5407.0
1994,SY,7099.0
1995,SY,7995.0
1996,SY,8611.0
1997,SY,8654.0
1998,SY,8128.0
1999,SY,6696.0
2000,SY,9609.0
2001,SY,8734.0
2002,SY,23189.0
2003,SY,24371.0
2004,SY,25386.0
2005,SY,23424.0
2006,SY,19845.0
2007,SY,20582.0
2008,SY,21208.0
2009,SY,23480.0
2010,SY,28212.0
2011,SY,48493.0
2012,SY,830566.0
2013,SY,2659590.0
2014,SY,3974267.0
2015,SY,5127537.0
2016,SY,5717764.0
1993,SZ,1.0
1994,SZ,13.0
1995,SZ,15.0
1996,SZ,17.0
1997,SZ,20.0
1998,SZ,30.0
1999,SZ,28.0
2000,SZ,20.0
2001,SZ,19.0
2002,SZ,24.0
2003,SZ,16.0
2004,SZ,23.0
2005,SZ,18.0
2006,SZ,27.0
2007,SZ,91.0
2008,SZ,131.0
2009,SZ,88.0
2010,SZ,88.0
2011,SZ,178.0
2012,SZ,230.0
2013,SZ,256.0
2014,SZ,305.0
2015,SZ,388.0
2016,SZ,364.0
2002,TC,4.0
2003,TC,4.0
2004,TC,1.0
2005,TC,2.0
2006,TC,2.0
2007,TC,1.0
2008,TC,1.0
2009,TC,1.0
2010,TC,3.0
2011,TC,20.0
2012,TC,23.0
2013,TC,20.0
2014,TC,15.0
2015,TC,15.0
2016,TC,14.0
1985,TD,301608.0
1986,TD,214228.0
1987,TD,157068.0
1988,TD,135020.0
1989,TD,130784.0
1990,TD,190696.0
1991,TD,129689.0
1992,TD,76191.0
1993,TD,219272.0
1994,TD,212355.0
1995,TD,70012.0
1996,TD,60633.0
1997,TD,57636.0
1998,TD,62470.0
1999,TD,60927.0
2000,TD,60012.0
2001,TD,52996.0
2002,TD,49838.0
2003,TD,55201.0
2004,TD,55384.0
2005,TD,55960.0
2006,TD,39751.0
2007,TD,58438.0
2008,TD,62889.0
2009,TD,59137.0
2010,TD,56465.0
2011,TD,45857.0
2012,TD,45201.0
2013,TD,52883.0
2014,TD,51935.0
2015,TD,18267.0
2016,TD,17327.0
1985,TG,5.0
1986,TG,5.0
1987,TG,5.0
1988,TG,5.0
1989,TG,6.0
1990,TG,6.0
1991,TG,18.0
1992,TG,106.0
1993,TG,291438.0
1994,TG,294213.0
1995,TG,171995.0
1996,TG,91888.0
1997,TG,19545.0
1998,TG,4000.0
1999,TG,3692.0
2000,TG,5297.0
2001,TG,6326.0
2002,TG,13234.0
2003,TG,16352.0
2004,TG,16399.0
2005,TG,58589.0
2006,TG,41843.0
2007,TG,27219.0
2008,TG,22679.0
2009,TG,19632.0
2010,TG,19391.0
2011,TG,20935.0
2012,TG,18816.0
2013,TG,11961.0
2014,TG,11020.0
2015,TG,10941.0
2016,TG,10900.0
1989,TH,2.0
1990,TH,20.0
1991,TH,30.0
1992,TH,35.0
1993,TH,36.0
1994,TH,139.0
1995,TH,211.0
1996,TH,284.0
1997,TH,272.0
1998,TH,295.0
1999,TH,318.0
2000,TH,359.0
2001,TH,252.0
2002,TH,597.0
2003,TH,450.0
2004,TH,413.0
2005,TH,650.0
2006,TH,3534.0
2007,TH,2696.0
2008,TH,2232.0
2009,TH,903.0
2010,TH,584.0
2011,TH,556.0
2012,TH,558.0
2013,TH,396.0
2014,TH,648.0
2015,TH,1059.0
2016,TH,1086.0
1992,TJ,60008.0
1993,TJ,70108.0
1994,TJ,75469.0
1995,TJ,60294.0
1996,TJ,114216.0
1997,TJ,88135.0
1998,TJ,61260.0
1999,TJ,49861.0
2000,TJ,62085.0
2001,TJ,58854.0
2002,TJ,64919.0
2003,TJ,59413.0
2004,TJ,57015.0
2005,TJ,54942.0
2006,TJ,2039.0
2007,TJ,999.0
2008,TJ,694.0
2009,TJ,831.0
2010,TJ,908.0
2011,TJ,995.0
2012,TJ,1121.0
2013,TJ,1266.0
2014,TJ,1684.0
2015,TJ,2250.0
2016,TJ,4092.0
1999,TL,290000.0
2000,TL,170760.0
2001,TL,91246.0
2002,TL,60492.0
2003,TL,517.0
2004,TL,666.0
2005,TL,254.0
2006,TL,260.0
2007,TL,8.0
2008,TL,9.0
2009,TL,7.0
2010,TL,9.0
2011,TL,9.0
2012,TL,16.0
2013,TL,19.0
2014,TL,23.0
2015,TL,27.0
2016,TL,14.0
1994,TM,7.0
1995,TM,47.0
1996,TM,2937.0
1997,TM,3181.0
1998,TM,1721.0
1999,TM,1051.0
2000,TM,350.0
2001,TM,354.0
2002,TM,931.0
2003,TM,1004.0
2004,TM,997.0
2005,TM,996.0
2006,TM,848.0
2007,TM,827.0
2008,TM,852.0
2009,TM,819.0
2010,TM,804.0
2011,TM,808.0
2012,TM,855.0
2013,TM,842.0
2014,TM,1243.0
2015,TM,1670.0
2016,TM,1395.0
1985,TN,6.0
1986,TN,6.0
1987,TN,6.0
1988,TN,7.0
1989,TN,9.0
1990,TN,42.0
1991,TN,63.0
1992,TN,86.0
1993,TN,108.0
1994,TN,212.0
1995,TN,333.0
1996,TN,408.0
1997,TN,698.0
1998,TN,932.0
1999,TN,1240.0
2000,TN,1570.0
2001,TN,1764.0
2002,TN,2976.0
2003,TN,2948.0
2004,TN,2862.0
2005,TN,3494.0
2006,TN,3198.0
2007,TN,2855.0
2008,TN,2717.0
2009,TN,2765.0
2010,TN,2733.0
2011,TN,3574.0
2012,TN,4230.0
2013,TN,3164.0
2014,TN,3408.0
2015,TN,3929.0
2016,TN,3671.0
1996,TO,3.0
1997,TO,3.0
1998,TO,2.0
1999,TO,2.0
2000,TO,23.0
2001,TO,49.0
2002,TO,74.0
2003,TO,52.0
2004,TO,18.0
2005,TO,14.0
2006,TO,23.0
2007,TO,23.0
2008,TO,33.0
2009,TO,30.0
2010,TO,16.0
2011,TO,32.0
2012,TO,52.0
2013,TO,81.0
2014,TO,105.0
2015,TO,86.0
2016,TO,103.0
1985,TR,1120.0
1986,TR,852.0
1987,TR,1084.0
1988,TR,150.0
1989,TR,2834.0
1990,TR,5508.0
1991,TR,6452.0
1992,TR,10089.0
1993,TR,16768.0
1994,TR,28873.0
1995,TR,44866.0
1996,TR,50483.0
1997,TR,48512.0
1998,TR,45647.0
1999,TR,44120.0
2000,TR,57662.0
2001,TR,60461.0
2002,TR,206224.0
2003,TR,193664.0
2004,TR,179899.0
2005,TR,181914.0
2006,TR,239451.0
2007,TR,231297.0
2008,TR,222921.0
2009,TR,155710.0
2010,TR,154567.0
2011,TR,146679.0
2012,TR,144238.0
2013,TR,77146.0
2014,TR,75462.0
2015,TR,71671.0
2016,TR,81128.0
1990,TT,1.0
1991,TT,1.0
1992,TT,1.0
1993,TT,1.0
1994,TT,13.0
1995,TT,14.0
1996,TT,16.0
1997,TT,21.0
1998,TT,26.0
1999,TT,25.0
2000,TT,141.0
2001,TT,195.0
2002,TT,356.0
2003,TT,327.0
2004,TT,213.0
2005,TT,272.0
2006,TT,311.0
2007,TT,386.0
2008,TT,470.0
2009,TT,512.0
2010,TT,401.0
2011,TT,402.0
2012,TT,425.0
2013,TT,464.0
2014,TT,544.0
2015,TT,566.0
2016,TT,531.0
1995,TV,3.0
1996,TV,3.0
1997,TV,3.0
1998,TV,3.0
1999,TV,3.0
2000,TV,3.0
2001,TV,4.0
2002,TV,4.0
2003,TV,3.0
2004,TV,3.0
2006,TV,3.0
2007,TV,2.0
2008,TV,2.0
2011,TV,2.0
2012,TV,6.0
2013,TV,4.0
2014,TV,6.0
2015,TV,3.0
1985,TZ,1.0
1987,TZ,2000.0
1988,TZ,5.0
1989,TZ,9.0
1990,TZ,8.0
1991,TZ,11.0
1992,TZ,21.0
1993,TZ,32.0
1994,TZ,62.0
1995,TZ,68.0
1996,TZ,71.0
1997,TZ,66.0
1998,TZ,7422.0
1999,TZ,7441.0
2000,TZ,1870.0
2001,TZ,3199.0
2002,TZ,3089.0
2003,TZ,4290.0
2004,TZ,5335.0
2005,TZ,6799.0
2006,TZ,1897.0
2007,TZ,4176.0
2008,TZ,4171.0
2009,TZ,1407.0
2010,TZ,1356.0
2011,TZ,1722.0
2012,TZ,1979.0
2013,TZ,2068.0
2014,TZ,1943.0
2015,TZ,2427.0
2016,TZ,1770.0
1992,UA,38.0
1993,UA,134.0
1994,UA,917.0
1995,UA,1701.0
1996,UA,6115.0
1997,UA,6348.0
1998,UA,5166.0
1999,UA,12238.0
2000,UA,22363.0
2001,UA,32616.0
2002,UA,90140.0
2003,UA,97014.0
2004,UA,92239.0
2005,UA,86899.0
2006,UA,67210.0
2007,UA,28408.0
2008,UA,30323.0
2009,UA,26066.0
2010,UA,26371.0
2011,UA,26435.0
2012,UA,26469.0
2013,UA,6812.0
2014,UA,253168.0
2015,UA,343803.0
2016,UA,266890.0
1985,UG,362270.0
1986,UG,295922.0
1987,UG,195021.0
1988,UG,107135.0
1989,UG,40398.0
1990,UG,58900.0
1991,UG,39446.0
1992,UG,37448.0
1993,UG,34561.0
1994,UG,35467.0
1995,UG,28737.0
1996,UG,28673.0
1997,UG,56499.0
1998,UG,14308.0
1999,UG,14173.0
2000,UG,33916.0
2001,UG,41244.0
2002,UG,42731.0
2003,UG,42487.0
2004,UG,35268.0
2005,UG,38562.0
2006,UG,28134.0
2007,UG,24502.0
2008,UG,10792.0
2009,UG,8551.0
2010,UG,7451.0
2011,UG,7685.0
2012,UG,8719.0
2013,UG,11951.0
2014,UG,11988.0
2015,UG,13953.0
2016,UG,11486.0
1990,US,1.0
1991,US,8.0
1992,US,10.0
1993,US,13.0
1994,US,366.0
1995,US,245.0
1996,US,143.0
1997,US,75.0
1998,US,51.0
1999,US,41.0
2000,US,269.0
2001,US,330.0
2002,US,618.0
2003,US,747.0
2004,US,724.0
2005,US,946.0
2006,US,1754.0
2007,US,3290.0
2008,US,3892.0
2009,US,3824.0
2010,US,3907.0
2011,US,4383.0
2012,US,4891.0
2013,US,5066.0
2014,US,5194.0
2015,US,5105.0
2016,US,548.0
1985,UY,1837.0
1986,UY,107.0
1987,UY,39.0
1988,UY,32.0
1989,UY,202.0
1990,UY,842.0
1991,UY,601.0
1992,UY,429.0
1993,UY,162.0
1994,UY,378.0
1995,UY,268.0
1996,UY,201.0
1997,UY,89.0
1998,UY,74.0
1999,UY,39.0
2000,UY,216.0
2001,UY,355.0
2002,UY,570.0
2003,UY,600.0
2004,UY,211.0
2005,UY,173.0
2006,UY,219.0
2007,UY,229.0
2008,UY,250.0
2009,UY,250.0
2010,UY,237.0
2011,UY,231.0
2012,UY,207.0
2013,UY,171.0
2014,UY,170.0
2015,UY,153.0
2016,UY,101.0
1993,UZ,2.0
1994,UZ,29060.0
1995,UZ,143.0
1996,UZ,69751.0
1997,UZ,69069.0
1998,UZ,52460.0
1999,UZ,45534.0
2000,UZ,55653.0
2001,UZ,11544.0
2002,UZ,10874.0
2003,UZ,9348.0
2004,UZ,9059.0
2005,UZ,9799.0
2006,UZ,11261.0
2007,UZ,7502.0
2008,UZ,8153.0
2009,UZ,8262.0
2010,UZ,10458.0
2011,UZ,14180.0
2012,UZ,13033.0
2013,UZ,6737.0
2014,UZ,6876.0
2015,UZ,6889.0
2016,UZ,6796.0
1994,VC,7.0
1995,VC,7.0
1996,VC,13.0
1997,VC,13.0
1998,VC,24.0
1999,VC,36.0
2000,VC,126.0
2001,VC,241.0
2002,VC,593.0
2003,VC,526.0
2004,VC,393.0
2005,VC,634.0
2006,VC,707.0
2007,VC,1150.0
2008,VC,1494.0
2009,VC,1922.0
2010,VC,1993.0
2011,VC,2033.0
2012,VC,1805.0
2013,VC,1761.0
2014,VC,1782.0
2015,VC,1865.0
2016,VC,1461.0
1991,VE,1.0
1992,VE,4.0
1993,VE,135.0
1994,VE,502.0
1995,VE,476.0
1996,VE,560.0
1997,VE,608.0
1998,VE,570.0
1999,VE,556.0
2000,VE,647.0
2001,VE,801.0
2002,VE,1309.0
2003,VE,2617.0
2004,VE,3952.0
2005,VE,5422.0
2006,VE,6203.0
2007,VE,6858.0
2008,VE,7333.0
2009,VE,7801.0
2010,VE,7329.0
2011,VE,8150.0
2012,VE,8707.0
2013,VE,9551.0
2014,VE,12830.0
2015,VE,22545.0
2016,VE,52569.0
2014,VG,1.0
1985,VN,328027.0
1986,VN,326068.0
1987,VN,325217.0
1988,VN,439939.0
1989,VN,457430.0
1990,VN,502122.0
1991,VN,510831.0
1992,VN,534126.0
1993,VN,546849.0
1994,VN,551962.0
1995,VN,549867.0
1996,VN,543700.0
1997,VN,481731.0
1998,VN,435560.0
1999,VN,405504.0
2000,VN,372354.0
2001,VN,358737.0
2002,VN,377788.0
2003,VN,366119.0
2004,VN,352728.0
2005,VN,360939.0
2006,VN,376590.0
2007,VN,329789.0
2008,VN,330297.0
2009,VN,340678.0
2010,VN,339895.0
2011,VN,339219.0
2012,VN,338411.0
2013,VN,316178.0
2014,VN,316635.0
2015,VN,317792.0
2016,VN,333933.0
2000,VU,2.0
2001,VU,1.0
2009,VU,2.0
2010,VU,3.0
2011,VU,3.0
2012,VU,1.0
2013,VU,1.0
2014,VU,1.0
2015,VU,2.0
1994,WS,1.0
1997,WS,1.0
1998,WS,1.0
1999,WS,1.0
2000,WS,3.0
2001,WS,10.0
2002,WS,5.0
2003,WS,5.0
2004,WS,1.0
2005,WS,3.0
2006,WS,5.0
2007,WS,3.0
2008,WS,4.0
2009,WS,1.0
2010,WS,3.0
2011,WS,1.0
2012,WS,13.0
2013,WS,10.0
2014,WS,11.0
2015,WS,14.0
2016,WS,5.0
1985,XK,91.0
1986,XK,72.0
1987,XK,42.0
1988,XK,99.0
1989,XK,98.0
1990,XK,1745.0
1991,XK,53323.0
1992,XK,93581.0
1993,XK,58253.0
1994,XK,55092.0
1995,XK,86612.0
1996,XK,108145.0
1997,XK,109047.0
1998,XK,452610.0
1999,XK,1273484.0
2000,XK,672985.0
2001,XK,571104.0
2002,XK,704669.0
2003,XK,664636.0
2004,XK,595528.0
2005,XK,547763.0
2006,XK,513661.0
2007,XK,409175.0
2008,XK,456423.0
2009,XK,463475.0
2010,XK,447229.0
2011,XK,424706.0
2012,XK,415445.0
2013,XK,308195.0
2014,XK,316611.0
2015,XK,312812.0
2016,XK,278847.0
1985,YE,1.0
1986,YE,1.0
1987,YE,1.0
1988,YE,1.0
1989,YE,3.0
1990,YE,8.0
1991,YE,23.0
1992,YE,31.0
1993,YE,39.0
1994,YE,150.0
1995,YE,371.0
1996,YE,1254.0
1997,YE,1721.0
1998,YE,1936.0
1999,YE,2022.0
2000,YE,2976.0
2001,YE,2938.0
2002,YE,2910.0
2003,YE,2189.0
2004,YE,1983.0
2005,YE,1750.0
2006,YE,1723.0
2007,YE,1952.0
2008,YE,2250.0
2009,YE,2554.0
2010,YE,2703.0
2011,YE,3485.0
2012,YE,4186.0
2013,YE,4320.0
2014,YE,5410.0
2015,YE,25978.0
2016,YE,34219.0
1985,ZA,38110.0
1986,ZA,33220.0
1987,ZA,26151.0
1988,ZA,24958.0
1989,ZA,24237.0
1990,ZA,14783.0
1991,ZA,15916.0
1992,ZA,11416.0
1993,ZA,9517.0
1994,ZA,1795.0
1995,ZA,536.0
1996,ZA,422.0
1997,ZA,266.0
1998,ZA,235.0
1999,ZA,193.0
2000,ZA,280.0
2001,ZA,310.0
2002,ZA,463.0
2003,ZA,570.0
2004,ZA,820.0
2005,ZA,433.0
2006,ZA,674.0
2007,ZA,593.0
2008,ZA,604.0
2009,ZA,554.0
2010,ZA,594.0
2011,ZA,643.0
2012,ZA,657.0
2013,ZA,785.0
2014,ZA,965.0
2015,ZA,1305.0
2016,ZA,1369.0
1988,ZM,1.0
1989,ZM,1.0
1990,ZM,1.0
1991,ZM,1.0
1992,ZM,1990.0
1993,ZM,2038.0
1994,ZM,1589.0
1995,ZM,20.0
1996,ZM,40.0
1997,ZM,63.0
1998,ZM,77.0
1999,ZM,92.0
2000,ZM,221.0
2001,ZM,169.0
2002,ZM,269.0
2003,ZM,368.0
2004,ZM,506.0
2005,ZM,632.0
2006,ZM,271.0
2007,ZM,692.0
2008,ZM,690.0
2009,ZM,260.0
2010,ZM,286.0
2011,ZM,430.0
2012,ZM,505.0
2013,ZM,537.0
2014,ZM,617.0
2015,ZM,787.0
2016,ZM,536.0
1985,ZW,4250.0
1986,ZW,3910.0
1987,ZW,3830.0
1988,ZW,1117.0
1989,ZW,3.0
1990,ZW,4.0
1991,ZW,128.0
1992,ZW,9.0
1993,ZW,17.0
1994,ZW,42.0
1995,ZW,36.0
1996,ZW,34.0
1997,ZW,38.0
1998,ZW,42.0
1999,ZW,43.0
2000,ZW,318.0
2001,ZW,2956.0
2002,ZW,5191.0
2003,ZW,10633.0
2004,ZW,18982.0
2005,ZW,28577.0
2006,ZW,13997.0
2007,ZW,48707.0
2008,ZW,51639.0
2009,ZW,23872.0
2010,ZW,25285.0
2011,ZW,61766.0
2012,ZW,63852.0
2013,ZW,61574.0
2014,ZW,64981.0
2015,ZW,78766.0
2016,ZW,61330.0
