year,Country Code,population
1985,AE,1391052.0
1993,AE,2207405.0
1994,AE,2328686.0
1995,AE,2448820.0
1996,AE,2571020.0
1997,AE,2700010.0
1998,AE,2838145.0
1999,AE,2988162.0
2000,AE,3154925.0
2001,AE,3326032.0
2002,AE,3507232.0
2003,AE,3741932.0
2004,AE,4087931.0
2005,AE,4579562.0
2006,AE,5242032.0
2007,AE,6044067.0
2008,AE,6894278.0
2009,AE,7666393.0
2010,AE,8270684.0
2011,AE,8672475.0
2012,AE,8900453.0
2013,AE,9006263.0
2014,AE,9070867.0
2015,AE,9154302.0
2016,AE,9269612.0
1992,AF,13981231.0
1993,AF,15095099.0
1994,AF,16172719.0
1995,AF,17099541.0
1996,AF,17822884.0
1997,AF,18381605.0
1998,AF,18863999.0
1999,AF,19403676.0
2000,AF,20093756.0
2001,AF,20966463.0
2002,AF,21979923.0
2003,AF,23064851.0
2004,AF,24118979.0
2005,AF,25070798.0
2006,AF,25893450.0
2007,AF,26616792.0
2008,AF,27294031.0
2009,AF,28004331.0
2010,AF,28803167.0
2011,AF,29708599.0
2012,AF,30696958.0
2013,AF,31731688.0
2014,AF,32758020.0
2015,AF,33736494.0
2016,AF,34656032.0
2007,AG,91381.0
2013,AG,97824.0
2015,AG,99923.0
1992,AL,3247039.0
1993,AL,3227287.0
1994,AL,3207536.0
1995,AL,3187784.0
1996,AL,3168033.0
1997,AL,3148281.0
1998,AL,3128530.0
1999,AL,3108778.0
2000,AL,3089027.0
2001,AL,3060173.0
2002,AL,3051010.0
2003,AL,3039616.0
2004,AL,3026939.0
2005,AL,3011487.0
2006,AL,2992547.0
2007,AL,2970017.0
2008,AL,2947314.0
2009,AL,2927519.0
2010,AL,2913021.0
2011,AL,2905195.0
2012,AL,2900401.0
2013,AL,2895092.0
2014,AL,2889104.0
2015,AL,2880703.0
2016,AL,2876101.0
1992,AM,3442810.0
1993,AM,3363098.0
1994,AM,3283660.0
1995,AM,3217342.0
1996,AM,3168215.0
1997,AM,3133086.0
1998,AM,3108684.0
1999,AM,3089017.0
2000,AM,3069588.0
2001,AM,3050655.0
2002,AM,3033897.0
2003,AM,3017806.0
2004,AM,3000612.0
2005,AM,2981259.0
2006,AM,2958500.0
2007,AM,2933056.0
2008,AM,2908220.0
2009,AM,2888584.0
2010,AM,2877311.0
2011,AM,2875581.0
2012,AM,2881922.0
2013,AM,2893509.0
2014,AM,2906220.0
2015,AM,2916950.0
2016,AM,2924816.0
1985,AO,10609042.0
1986,AO,10921037.0
1987,AO,11218268.0
1988,AO,11513968.0
1989,AO,11827237.0
1990,AO,12171441.0
1991,AO,12553446.0
1992,AO,12968345.0
1993,AO,13403734.0
1994,AO,13841301.0
1995,AO,14268994.0
1996,AO,14682284.0
1997,AO,15088981.0
1998,AO,15504318.0
1999,AO,15949766.0
2000,AO,16440924.0
2001,AO,16983266.0
2002,AO,17572649.0
2003,AO,18203369.0
2004,AO,18865716.0
2005,AO,19552542.0
2006,AO,20262399.0
2007,AO,20997687.0
2008,AO,21759420.0
2009,AO,22549547.0
2010,AO,23369131.0
2011,AO,24218565.0
2012,AO,25096150.0
2013,AO,25998340.0
2014,AO,26920466.0
2015,AO,27859305.0
2016,AO,28813463.0
1985,AR,30388783.0
1986,AR,30857244.0
1993,AR,34110917.0
1994,AR,34558115.0
1995,AR,34994814.0
1996,AR,35419682.0
1998,AR,36241590.0
1999,AR,36648068.0
2000,AR,37057452.0
2001,AR,37471509.0
2002,AR,37889370.0
2003,AR,38309379.0
2004,AR,38728696.0
2005,AR,39145488.0
2006,AR,39558890.0
2007,AR,39970224.0
2008,AR,40382389.0
2009,AR,40799407.0
2010,AR,41223889.0
2011,AR,41656879.0
2012,AR,42096739.0
2013,AR,42539925.0
2014,AR,42981515.0
2015,AR,43417765.0
2016,AR,43847430.0
1992,AT,7840709.0
1993,AT,7905633.0
1994,AT,7936118.0
1996,AT,7959017.0
1997,AT,7968041.0
1998,AT,7976789.0
1999,AT,7992324.0
2000,AT,8011566.0
2001,AT,8042293.0
2002,AT,8081957.0
2003,AT,8121423.0
2004,AT,8171966.0
2005,AT,8227829.0
2006,AT,8268641.0
2007,AT,8295487.0
2008,AT,8321496.0
2009,AT,8343323.0
2010,AT,8363404.0
2011,AT,8391643.0
2012,AT,8429991.0
2013,AT,8479375.0
2014,AT,8541575.0
2015,AT,8633169.0
2016,AT,8747358.0
1993,AU,17667000.0
1994,AU,17855000.0
1995,AU,18072000.0
1996,AU,18311000.0
1997,AU,18517000.0
1998,AU,18711000.0
1999,AU,18926000.0
2000,AU,19153000.0
2001,AU,19413000.0
2002,AU,19651400.0
2003,AU,19895400.0
2004,AU,20127400.0
2005,AU,20394800.0
2006,AU,20697900.0
2007,AU,20827600.0
2008,AU,21249200.0
2009,AU,21691700.0
2010,AU,22031750.0
2011,AU,22340024.0
2012,AU,22728254.0
2013,AU,23117353.0
2014,AU,23460694.0
2015,AU,23789338.0
2016,AU,24127159.0
2010,AW,101669.0
2011,AW,102053.0
2012,AW,102577.0
2013,AW,103187.0
2014,AW,103795.0
2015,AW,104341.0
1992,AZ,7382000.0
1993,AZ,7495000.0
1994,AZ,7597000.0
1995,AZ,7685000.0
1996,AZ,7763000.0
1997,AZ,7838250.0
1998,AZ,7913000.0
1999,AZ,7982750.0
2000,AZ,8048600.0
2001,AZ,8111200.0
2002,AZ,8171950.0
2003,AZ,8234100.0
2004,AZ,8306500.0
2005,AZ,8391850.0
2006,AZ,8484550.0
2007,AZ,8581300.0
2008,AZ,8763400.0
2009,AZ,8947243.0
2010,AZ,9054332.0
2011,AZ,9173082.0
2012,AZ,9295784.0
2013,AZ,9416801.0
2014,AZ,9535079.0
2015,AZ,9649341.0
2016,AZ,9762274.0
1997,BA,3752431.0
1998,BA,3750485.0
1999,BA,3759118.0
2000,BA,3766706.0
2001,BA,3771284.0
2002,BA,3775807.0
2003,BA,3779247.0
2004,BA,3781287.0
2005,BA,3781530.0
2006,BA,3779468.0
2007,BA,3774000.0
2008,BA,3763599.0
2009,BA,3746561.0
2010,BA,3722084.0
2011,BA,3688865.0
2012,BA,3648200.0
2013,BA,3604999.0
2014,BA,3566002.0
2015,BA,3535961.0
2016,BA,3516816.0
2012,BB,281585.0
2013,BB,282509.0
2014,BB,283385.0
1991,BD,108727432.0
1992,BD,111221938.0
1993,BD,113695139.0
1994,BD,116182267.0
1995,BD,118706871.0
1996,BD,121269645.0
1997,BD,123854640.0
1998,BD,126447965.0
1999,BD,129029691.0
2000,BD,131581243.0
2001,BD,134107160.0
2002,BD,136600667.0
2003,BD,139019001.0
2004,BD,141307489.0
2005,BD,143431101.0
2006,BD,145368004.0
2007,BD,147139191.0
2008,BD,148805814.0
2009,BD,150454708.0
2010,BD,152149102.0
2011,BD,153911916.0
2012,BD,155727053.0
2013,BD,157571292.0
2014,BD,159405279.0
2015,BD,161200886.0
2016,BD,162951560.0
1985,BE,9858308.0
1994,BE,10115603.0
1995,BE,10136811.0
1996,BE,10156637.0
1997,BE,10181245.0
1998,BE,10203008.0
1999,BE,10226419.0
2000,BE,10251250.0
2001,BE,10286570.0
2002,BE,10332785.0
2003,BE,10376133.0
2004,BE,10421137.0
2005,BE,10478617.0
2006,BE,10547958.0
2007,BE,10625700.0
2008,BE,10709973.0
2009,BE,10796493.0
2010,BE,10895586.0
2011,BE,11047744.0
2012,BE,11128246.0
2013,BE,11182817.0
2014,BE,11209057.0
2015,BE,11274196.0
2016,BE,11348159.0
1986,BF,7930694.0
1987,BF,8140073.0
1988,BF,8356305.0
1989,BF,8579823.0
1990,BF,8811034.0
1991,BF,9050084.0
1992,BF,9297113.0
1993,BF,9552476.0
1994,BF,9816588.0
1995,BF,10089878.0
1997,BF,10665546.0
1998,BF,10968724.0
1999,BF,11282701.0
2000,BF,11607942.0
2001,BF,11944587.0
2002,BF,12293100.0
2003,BF,12654621.0
2004,BF,13030569.0
2005,BF,13421930.0
2006,BF,13829177.0
2007,BF,14252021.0
2008,BF,14689726.0
2009,BF,15141099.0
2010,BF,15605217.0
2011,BF,16081904.0
2012,BF,16571216.0
2013,BF,17072723.0
2014,BF,17585977.0
2015,BF,18110624.0
2016,BF,18646433.0
1992,BG,8540164.0
1993,BG,8472313.0
1994,BG,8443591.0
1995,BG,8406067.0
1996,BG,8362826.0
1997,BG,8312068.0
1998,BG,8256786.0
1999,BG,8210624.0
2000,BG,8170172.0
2001,BG,8009142.0
2002,BG,7837161.0
2003,BG,7775327.0
2004,BG,7716860.0
2005,BG,7658972.0
2006,BG,7601022.0
2007,BG,7545338.0
2008,BG,7492561.0
2009,BG,7444443.0
2010,BG,7395599.0
2011,BG,7348328.0
2012,BG,7305888.0
2013,BG,7265115.0
2014,BG,7223938.0
2015,BG,7177991.0
2016,BG,7127822.0
1985,BH,419430.0
1987,BH,448973.0
1988,BH,465202.0
1989,BH,481090.0
1990,BH,495931.0
1999,BH,636545.0
2000,BH,664614.0
2001,BH,697549.0
2004,BH,829848.0
2005,BH,889168.0
2006,BH,958414.0
2007,BH,1035891.0
2008,BH,1114590.0
2009,BH,1185029.0
2010,BH,1240862.0
2011,BH,1278269.0
2012,BH,1300217.0
2013,BH,1315411.0
2014,BH,1336397.0
2015,BH,1371855.0
2016,BH,1425171.0
1985,BI,4702066.0
1986,BI,4841565.0
1987,BI,4987736.0
1988,BI,5135956.0
1989,BI,5280024.0
1990,BI,5415415.0
1991,BI,5542048.0
1992,BI,5661139.0
1993,BI,5771398.0
1994,BI,5871607.0
1995,BI,5962058.0
1996,BI,6041112.0
1997,BI,6112097.0
1998,BI,6186352.0
1999,BI,6278940.0
2000,BI,6400706.0
2001,BI,6555829.0
2002,BI,6741569.0
2003,BI,6953113.0
2004,BI,7182451.0
2005,BI,7423289.0
2006,BI,7675338.0
2007,BI,7939573.0
2008,BI,8212264.0
2009,BI,8489031.0
2010,BI,8766930.0
2011,BI,9043508.0
2012,BI,9319710.0
2013,BI,9600186.0
2014,BI,9891790.0
2015,BI,10199270.0
2016,BI,10524117.0
1985,BJ,4278501.0
1986,BJ,4404506.0
1987,BJ,4535263.0
1988,BJ,4672852.0
1989,BJ,4820016.0
1990,BJ,4978496.0
1991,BJ,5149499.0
1992,BJ,5331803.0
1993,BJ,5521763.0
1994,BJ,5714220.0
1995,BJ,5905558.0
1996,BJ,6094259.0
1997,BJ,6281639.0
1998,BJ,6470265.0
1999,BJ,6664098.0
2000,BJ,6865951.0
2001,BJ,7076733.0
2002,BJ,7295394.0
2003,BJ,7520555.0
2004,BJ,7750004.0
2005,BJ,7982225.0
2006,BJ,8216896.0
2007,BJ,8454791.0
2008,BJ,8696916.0
2009,BJ,8944706.0
2010,BJ,9199259.0
2011,BJ,9460802.0
2012,BJ,9729160.0
2013,BJ,10004451.0
2014,BJ,10286712.0
2015,BJ,10575952.0
2016,BJ,10872298.0
1985,BO,6211550.0
1986,BO,6337893.0
1993,BO,7273825.0
1994,BO,7418861.0
1995,BO,7566714.0
1996,BO,7717443.0
1997,BO,7870855.0
1998,BO,8026254.0
1999,BO,8182712.0
2000,BO,8339512.0
2001,BO,8496375.0
2002,BO,8653345.0
2003,BO,8810420.0
2004,BO,8967741.0
2005,BO,9125409.0
2006,BO,9283334.0
2007,BO,9441444.0
2008,BO,9599855.0
2009,BO,9758748.0
2010,BO,9918242.0
2011,BO,10078343.0
2012,BO,10239004.0
2013,BO,10400264.0
2014,BO,10562159.0
2015,BO,10724705.0
2016,BO,10887882.0
1985,BR,135676281.0
1986,BR,138499464.0
1993,BR,157132682.0
1994,BR,159705123.0
1995,BR,162296612.0
1996,BR,164913306.0
1997,BR,167545164.0
1998,BR,170170640.0
1999,BR,172759243.0
2000,BR,175287587.0
2001,BR,177750670.0
2002,BR,180151021.0
2003,BR,182482149.0
2004,BR,184738458.0
2005,BR,186917361.0
2006,BR,189012412.0
2007,BR,191026637.0
2008,BR,192979029.0
2009,BR,194895996.0
2010,BR,196796269.0
2011,BR,198686688.0
2012,BR,200560983.0
2013,BR,202408632.0
2014,BR,204213133.0
2015,BR,205962108.0
2016,BR,207652865.0
1992,BS,266134.0
1993,BS,271165.0
1995,BS,280150.0
1996,BS,283790.0
1997,BS,286970.0
1998,BS,290060.0
1999,BS,293572.0
2000,BS,297890.0
2010,BS,360832.0
2011,BS,366568.0
2012,BS,372039.0
2013,BS,377240.0
2014,BS,382169.0
2015,BS,386838.0
2016,BS,391232.0
1985,BW,1189114.0
1986,BW,1226810.0
1987,BW,1264314.0
1988,BW,1301818.0
1989,BW,1339624.0
1990,BW,1377912.0
1991,BW,1416731.0
1992,BW,1455833.0
1993,BW,1494693.0
1995,BW,1569094.0
1996,BW,1604060.0
1997,BW,1637635.0
1998,BW,1669625.0
1999,BW,1699862.0
2000,BW,1728340.0
2001,BW,1754935.0
2002,BW,1779953.0
2003,BW,1804339.0
2004,BW,1829330.0
2005,BW,1855852.0
2006,BW,1884238.0
2007,BW,1914414.0
2008,BW,1946351.0
2009,BW,1979882.0
2010,BW,2014866.0
2011,BW,2051339.0
2012,BW,2089315.0
2013,BW,2128507.0
2014,BW,2168573.0
2015,BW,2209197.0
2016,BW,2250260.0
1994,BY,10227000.0
1996,BY,10160000.0
1997,BY,10117000.0
1998,BY,10069000.0
1999,BY,10026738.0
2000,BY,9979610.0
2001,BY,9928549.0
2002,BY,9865548.0
2003,BY,9796749.0
2004,BY,9730146.0
2005,BY,9663915.0
2006,BY,9604924.0
2007,BY,9560953.0
2008,BY,9527985.0
2009,BY,9506765.0
2010,BY,9490583.0
2011,BY,9473172.0
2012,BY,9464495.0
2013,BY,9465997.0
2014,BY,9474511.0
2015,BY,9489616.0
2016,BY,9507120.0
1985,BZ,164921.0
1986,BZ,169568.0
1987,BZ,174320.0
1988,BZ,179028.0
1989,BZ,183469.0
1990,BZ,187552.0
1991,BZ,191126.0
1992,BZ,194317.0
1993,BZ,197616.0
1994,BZ,201674.0
1995,BZ,206963.0
1996,BZ,213676.0
1997,BZ,221606.0
1998,BZ,230284.0
1999,BZ,239026.0
2000,BZ,247315.0
2001,BZ,254984.0
2002,BZ,262206.0
2003,BZ,269130.0
2004,BZ,276089.0
2005,BZ,283277.0
2006,BZ,290747.0
2007,BZ,298407.0
2008,BZ,306165.0
2009,BZ,313929.0
2010,BZ,321608.0
2011,BZ,329192.0
2012,BZ,336701.0
2013,BZ,344181.0
2014,BZ,351694.0
2015,BZ,359288.0
2016,BZ,366954.0
1993,CA,28833410.0
1994,CA,29111906.0
1995,CA,29354000.0
1996,CA,29671900.0
1997,CA,29987200.0
1998,CA,30247900.0
1999,CA,30499200.0
2000,CA,30769700.0
2001,CA,31081900.0
2002,CA,31362000.0
2003,CA,31676000.0
2004,CA,31995000.0
2005,CA,32312000.0
2006,CA,32570505.0
2007,CA,32887928.0
2008,CA,33245773.0
2009,CA,33628571.0
2010,CA,34005274.0
2011,CA,34342780.0
2012,CA,34750545.0
2013,CA,35155451.0
2014,CA,35544564.0
2015,CA,35848610.0
2016,CA,36286425.0
1986,CD,30685824.0
1987,CD,31529823.0
1988,CD,32444156.0
1989,CD,33465441.0
1990,CD,34614581.0
1991,CD,35914825.0
1992,CD,37346147.0
1993,CD,38833595.0
1994,CD,40273701.0
1995,CD,41595744.0
1996,CD,42770544.0
1997,CD,43830146.0
1998,CD,44840529.0
1999,CD,45898667.0
2000,CD,47076387.0
2001,CD,48394338.0
2002,CD,49835756.0
2003,CD,51390033.0
2004,CD,53034217.0
2005,CD,54751476.0
2006,CD,56543011.0
2007,CD,58417562.0
2008,CD,60373608.0
2009,CD,62409435.0
2010,CD,64523263.0
2011,CD,66713597.0
2012,CD,68978682.0
2013,CD,71316033.0
2014,CD,73722860.0
2015,CD,76196619.0
2016,CD,78736153.0
1985,CF,2634232.0
1986,CF,2696982.0
1987,CF,2755244.0
1988,CF,2812244.0
1989,CF,2872668.0
1990,CF,2939780.0
1991,CF,3014624.0
1992,CF,3095807.0
1993,CF,3181222.0
1994,CF,3267670.0
1995,CF,3352767.0
1996,CF,3435821.0
1997,CF,3517309.0
1998,CF,3597385.0
1999,CF,3676508.0
2000,CF,3754986.0
2001,CF,3832203.0
2002,CF,3907612.0
2003,CF,3981665.0
2004,CF,4055036.0
2005,CF,4127910.0
2006,CF,4201758.0
2007,CF,4275800.0
2008,CF,4345386.0
2009,CF,4404230.0
2010,CF,4448525.0
2011,CF,4476153.0
2012,CF,4490416.0
2013,CF,4499653.0
2014,CF,4515392.0
2015,CF,4546100.0
2016,CF,4594621.0
1985,CG,2127770.0
1986,CG,2188046.0
1987,CG,2249146.0
1988,CG,2311348.0
1989,CG,2375008.0
1990,CG,2440457.0
1991,CG,2507772.0
1992,CG,2577035.0
1993,CG,2648507.0
1994,CG,2722497.0
1995,CG,2799255.0
1996,CG,2879222.0
1997,CG,2962470.0
1998,CG,3048453.0
1999,CG,3136344.0
2000,CG,3225727.0
2001,CG,3315806.0
2002,CG,3407180.0
2003,CG,3502519.0
2004,CG,3605439.0
2005,CG,3718243.0
2006,CG,3842365.0
2007,CG,3976246.0
2008,CG,4115435.0
2009,CG,4253712.0
2010,CG,4386693.0
2011,CG,4512730.0
2012,CG,4633363.0
2013,CG,4751393.0
2014,CG,4871101.0
2015,CG,4995648.0
2016,CG,5125821.0
1989,CH,6646912.0
1991,CH,6799978.0
1993,CH,6938265.0
1994,CH,6993795.0
1995,CH,7040687.0
1996,CH,7071850.0
1997,CH,7088906.0
1998,CH,7110001.0
1999,CH,7143991.0
2000,CH,7184250.0
2001,CH,7229854.0
2002,CH,7284753.0
2003,CH,7339001.0
2004,CH,7389625.0
2005,CH,7437115.0
2006,CH,7483934.0
2007,CH,7551117.0
2008,CH,7647675.0
2009,CH,7743831.0
2010,CH,7824909.0
2011,CH,7912398.0
2012,CH,7996861.0
2013,CH,8089346.0
2014,CH,8188649.0
2015,CH,8282396.0
2016,CH,8372098.0
1985,CI,10222558.0
1986,CI,10620267.0
1987,CI,11019651.0
1988,CI,11424260.0
1989,CI,11839243.0
1990,CI,12267754.0
1991,CI,12710008.0
1992,CI,13163019.0
1993,CI,13622731.0
1994,CI,14083611.0
1995,CI,14540820.0
1996,CI,14995249.0
1997,CI,15445986.0
1998,CI,15884552.0
1999,CI,16300233.0
2000,CI,16686561.0
2001,CI,17040152.0
2002,CI,17366517.0
2003,CI,17679355.0
2004,CI,17997738.0
2005,CI,18336303.0
2006,CI,18699435.0
2007,CI,19085941.0
2008,CI,19497986.0
2009,CI,19936366.0
2010,CI,20401331.0
2011,CI,20895311.0
2012,CI,21418603.0
2013,CI,21966312.0
2014,CI,22531350.0
2015,CI,23108472.0
2016,CI,23695919.0
1993,CL,13882668.0
1994,CL,14091389.0
1995,CL,14296613.0
1996,CL,14497826.0
1997,CL,14694835.0
1998,CL,14887756.0
1999,CL,15076952.0
2000,CL,15262754.0
2001,CL,15444969.0
2002,CL,15623635.0
2003,CL,15799542.0
2004,CL,15973778.0
2005,CL,16147064.0
2006,CL,16319792.0
2007,CL,16491687.0
2008,CL,16661942.0
2010,CL,16993354.0
2011,CL,17153357.0
2012,CL,17309746.0
2013,CL,17462982.0
2014,CL,17613798.0
2015,CL,17762681.0
2016,CL,17909754.0
1985,CM,10050023.0
1986,CM,10368300.0
1987,CM,10696274.0
1988,CM,11031817.0
1989,CM,11372160.0
1990,CM,11715218.0
1991,CM,12060729.0
1992,CM,12408931.0
1993,CM,12758881.0
1994,CM,13109660.0
1995,CM,13460994.0
1996,CM,13812472.0
1997,CM,14165423.0
1998,CM,14523570.0
1999,CM,14891891.0
2000,CM,15274234.0
2001,CM,15671927.0
2002,CM,16084886.0
2003,CM,16513822.0
2004,CM,16959081.0
2005,CM,17420795.0
2006,CM,17899562.0
2007,CM,18395389.0
2008,CM,18907008.0
2009,CM,19432541.0
2010,CM,19970495.0
2011,CM,20520447.0
2012,CM,21082383.0
2013,CM,21655715.0
2014,CM,22239904.0
2015,CM,22834522.0
2016,CM,23439189.0
1985,CN,1051040000.0
1986,CN,1066790000.0
1987,CN,1084035000.0
1988,CN,1101630000.0
1989,CN,1118650000.0
1990,CN,1135185000.0
1991,CN,1150780000.0
1992,CN,1164970000.0
1993,CN,1178440000.0
1994,CN,1191835000.0
1995,CN,1204855000.0
1996,CN,1217550000.0
1997,CN,1230075000.0
1998,CN,1241935000.0
1999,CN,1252735000.0
2000,CN,1262645000.0
2001,CN,1271850000.0
2002,CN,1280400000.0
2003,CN,1288400000.0
2004,CN,1296075000.0
2005,CN,1303720000.0
2006,CN,1311020000.0
2007,CN,1317885000.0
2008,CN,1324655000.0
2009,CN,1331260000.0
2010,CN,1337705000.0
2011,CN,1344130000.0
2012,CN,1350695000.0
2013,CN,1357380000.0
2014,CN,1364270000.0
2015,CN,1371220000.0
2016,CN,1378665000.0
1985,CO,31011688.0
1986,CO,31669776.0
1987,CO,32324325.0
1988,CO,32975535.0
1989,CO,33624444.0
1990,CO,34271565.0
1991,CO,34916766.0
1992,CO,35558682.0
1993,CO,36195168.0
1994,CO,36823537.0
1995,CO,37441977.0
1996,CO,38049038.0
1997,CO,38645411.0
1998,CO,39234062.0
1999,CO,39819279.0
2000,CO,40403958.0
2001,CO,40988909.0
2002,CO,41572491.0
2003,CO,42152151.0
2004,CO,42724163.0
2005,CO,43285634.0
2006,CO,43835722.0
2007,CO,44374572.0
2008,CO,44901544.0
2009,CO,45416181.0
2010,CO,45918097.0
2011,CO,46406646.0
2012,CO,46881475.0
2013,CO,47342981.0
2014,CO,47791911.0
2015,CO,48228697.0
2016,CO,48653419.0
1985,CR,2730233.0
1986,CR,2800986.0
1987,CR,2872211.0
1988,CR,2944557.0
1989,CR,3018955.0
1990,CR,3095995.0
1991,CR,3175649.0
1992,CR,3257466.0
1993,CR,3341004.0
1994,CR,3425690.0
1995,CR,3510926.0
1996,CR,3596732.0
1997,CR,3682725.0
1998,CR,3767373.0
1999,CR,3848723.0
2000,CR,3925443.0
2001,CR,3996798.0
2002,CR,4063204.0
2003,CR,4125971.0
2004,CR,4187038.0
2005,CR,4247841.0
2006,CR,4308794.0
2007,CR,4369469.0
2008,CR,4429508.0
2009,CR,4488263.0
2010,CR,4545280.0
2011,CR,4600474.0
2012,CR,4654122.0
2013,CR,4706401.0
2014,CR,4757575.0
2015,CR,4807852.0
2016,CR,4857274.0
1985,CU,10082989.0
1989,CU,10486509.0
1992,CU,10733363.0
1993,CU,10794135.0
1994,CU,10850585.0
1995,CU,10906043.0
1996,CU,10961012.0
1997,CU,11013983.0
1998,CU,11064097.0
1999,CU,11110004.0
2000,CU,11150736.0
2001,CU,11186542.0
2002,CU,11217998.0
2003,CU,11244885.0
2004,CU,11266941.0
2005,CU,11284253.0
2006,CU,11296233.0
2007,CU,11303687.0
2008,CU,11309754.0
2009,CU,11318602.0
2010,CU,11333051.0
2011,CU,11354651.0
2012,CU,11382146.0
2013,CU,11412167.0
2014,CU,11439767.0
2015,CU,11461432.0
2016,CU,11475982.0
1988,CY,736479.0
1990,CY,766614.0
1991,CY,783129.0
1993,CY,818751.0
1994,CY,837110.0
1995,CY,855384.0
1996,CY,873423.0
1997,CY,891192.0
1998,CY,908704.0
1999,CY,926050.0
2000,CY,943286.0
2001,CY,960282.0
2002,CY,976966.0
2003,CY,993563.0
2004,CY,1010410.0
2005,CY,1027658.0
2006,CY,1045509.0
2007,CY,1063712.0
2008,CY,1081563.0
2009,CY,1098076.0
2010,CY,1112607.0
2011,CY,1124835.0
2012,CY,1135062.0
2013,CY,1143896.0
2014,CY,1152309.0
2015,CY,1160985.0
2016,CY,1170125.0
1992,CZ,10319123.0
1993,CZ,10329855.0
1994,CZ,10333587.0
1996,CZ,10315241.0
1997,CZ,10304131.0
1998,CZ,10294373.0
1999,CZ,10283860.0
2000,CZ,10255063.0
2001,CZ,10216605.0
2002,CZ,10196916.0
2003,CZ,10193998.0
2004,CZ,10197101.0
2005,CZ,10211216.0
2006,CZ,10238905.0
2007,CZ,10298828.0
2008,CZ,10384603.0
2009,CZ,10443936.0
2010,CZ,10474410.0
2011,CZ,10496088.0
2012,CZ,10510785.0
2013,CZ,10514272.0
2014,CZ,10525347.0
2015,CZ,10546059.0
2016,CZ,10561633.0
1994,DE,81438348.0
1995,DE,81678051.0
1996,DE,81914831.0
1997,DE,82034771.0
1998,DE,82047195.0
1999,DE,82100243.0
2000,DE,82211508.0
2001,DE,82349925.0
2002,DE,82488495.0
2003,DE,82534176.0
2004,DE,82516260.0
2005,DE,82469422.0
2006,DE,82376451.0
2007,DE,82266372.0
2008,DE,82110097.0
2009,DE,81902307.0
2010,DE,81776930.0
2011,DE,80274983.0
2012,DE,80425823.0
2013,DE,80645605.0
2014,DE,80982500.0
2015,DE,81686611.0
2016,DE,82667685.0
1985,DJ,425613.0
1986,DJ,454361.0
1987,DJ,490330.0
1988,DJ,528999.0
1989,DJ,563864.0
1990,DJ,590398.0
1991,DJ,606844.0
1992,DJ,615054.0
1993,DJ,618495.0
1994,DJ,622366.0
1995,DJ,630388.0
1996,DJ,643682.0
1997,DJ,660953.0
1998,DJ,680612.0
1999,DJ,700099.0
2000,DJ,717584.0
2001,DJ,732711.0
2002,DJ,746221.0
2003,DJ,758615.0
2004,DJ,770752.0
2005,DJ,783254.0
2006,DJ,796208.0
2007,DJ,809402.0
2008,DJ,822934.0
2009,DJ,836840.0
2010,DJ,851146.0
2011,DJ,865937.0
2012,DJ,881185.0
2013,DJ,896688.0
2014,DJ,912164.0
2015,DJ,927414.0
2016,DJ,942333.0
1989,DK,5132594.0
1990,DK,5140939.0
1991,DK,5154298.0
1992,DK,5171370.0
1993,DK,5188628.0
1994,DK,5206180.0
1995,DK,5233373.0
1996,DK,5263074.0
1997,DK,5284991.0
1998,DK,5304219.0
1999,DK,5321799.0
2000,DK,5339616.0
2001,DK,5358783.0
2002,DK,5375931.0
2003,DK,5390574.0
2004,DK,5404523.0
2005,DK,5419432.0
2006,DK,5437272.0
2007,DK,5461438.0
2008,DK,5493621.0
2009,DK,5523095.0
2010,DK,5547683.0
2011,DK,5570572.0
2012,DK,5591572.0
2013,DK,5614932.0
2014,DK,5643475.0
2015,DK,5683483.0
2016,DK,5731118.0
1985,DO,6488856.0
1986,DO,6626542.0
1987,DO,6764624.0
1988,DO,6903316.0
1989,DO,7042937.0
1990,DO,7183647.0
1991,DO,7325622.0
1992,DO,7468551.0
1993,DO,7611465.0
1994,DO,7753052.0
1995,DO,7892423.0
1996,DO,8029113.0
1997,DO,8163472.0
1998,DO,8296375.0
1999,DO,8429112.0
2000,DO,8562622.0
2010,DO,9897985.0
2011,DO,10027095.0
2012,DO,10154950.0
2013,DO,10281296.0
2014,DO,10405844.0
2015,DO,10528394.0
2016,DO,10648791.0
1985,DZ,22565905.0
1986,DZ,23241272.0
1987,DZ,23917897.0
1988,DZ,24591492.0
1989,DZ,25257672.0
1990,DZ,25912367.0
1991,DZ,26554329.0
1992,DZ,27181094.0
1993,DZ,27786259.0
1994,DZ,28362253.0
1995,DZ,28904298.0
1996,DZ,29411415.0
1997,DZ,29886839.0
1998,DZ,30335732.0
1999,DZ,30765613.0
2000,DZ,31183660.0
2001,DZ,31592153.0
2002,DZ,31995046.0
2003,DZ,32403514.0
2004,DZ,32831096.0
2005,DZ,33288437.0
2006,DZ,33777915.0
2007,DZ,34300076.0
2008,DZ,34860715.0
2009,DZ,35465760.0
2010,DZ,36117637.0
2011,DZ,36819558.0
2012,DZ,37565847.0
2013,DZ,38338562.0
2014,DZ,39113313.0
2015,DZ,39871528.0
2016,DZ,40606052.0
1985,EC,9045979.0
1986,EC,9272906.0
1987,EC,9504129.0
1990,EC,10218091.0
1991,EC,10460990.0
1992,EC,10705667.0
1993,EC,10951202.0
1994,EC,11196479.0
1995,EC,11440583.0
1996,EC,11683479.0
1997,EC,11924993.0
1998,EC,12163885.0
1999,EC,12398691.0
2000,EC,12628596.0
2001,EC,12852755.0
2002,EC,13072060.0
2003,EC,13289601.0
2004,EC,13509647.0
2005,EC,13735233.0
2006,EC,13967480.0
2007,EC,14205453.0
2008,EC,14447562.0
2009,EC,14691275.0
2010,EC,14934690.0
2011,EC,15177355.0
2012,EC,15419666.0
2013,EC,15661547.0
2014,EC,15903112.0
2015,EC,16144368.0
2016,EC,16385068.0
2000,EE,1396985.0
2001,EE,1388115.0
2002,EE,1379350.0
2003,EE,1370720.0
2004,EE,1362550.0
2005,EE,1354775.0
2006,EE,1346810.0
2007,EE,1340680.0
2008,EE,1337090.0
2009,EE,1334515.0
2010,EE,1331475.0
2011,EE,1327439.0
2012,EE,1322696.0
2013,EE,1317997.0
2014,EE,1314545.0
2015,EE,1315407.0
2016,EE,1316481.0
1985,EG,50204985.0
1986,EG,51607703.0
1987,EG,53066229.0
1988,EG,54547296.0
1989,EG,56006573.0
1990,EG,57412215.0
1991,EG,58752390.0
1992,EG,60035536.0
1993,EG,61275601.0
1994,EG,62495745.0
1995,EG,63714386.0
1996,EG,64933456.0
1997,EG,66151117.0
1998,EG,67378056.0
1999,EG,68626664.0
2000,EG,69905988.0
2001,EG,71226940.0
2002,EG,72590118.0
2003,EG,73981942.0
2004,EG,75381899.0
2005,EG,76778149.0
2006,EG,78159048.0
2007,EG,79537253.0
2008,EG,80953881.0
2009,EG,82465022.0
2010,EG,84107606.0
2011,EG,85897561.0
2012,EG,87813257.0
2013,EG,89807433.0
2014,EG,91812566.0
2015,EG,93778172.0
2016,EG,95688681.0
1993,ER,3099047.0
1994,ER,3085443.0
1995,ER,3090159.0
1996,ER,3116379.0
1997,ER,3161350.0
1998,ER,3224223.0
1999,ER,3302263.0
2000,ER,3392801.0
2001,ER,3497124.0
2002,ER,3614639.0
2003,ER,3738265.0
2004,ER,3858623.0
2005,ER,3969007.0
2006,ER,4066648.0
2007,ER,4153332.0
2008,ER,4232636.0
2009,ER,4310334.0
2010,ER,4390840.0
2011,ER,4474690.0
1991,ES,38966376.0
1992,ES,39157685.0
1993,ES,39361262.0
1994,ES,39549108.0
1995,ES,39724050.0
1996,ES,39889852.0
1997,ES,40057389.0
1998,ES,40223509.0
1999,ES,40386875.0
2000,ES,40567864.0
2001,ES,40850412.0
2002,ES,41431558.0
2003,ES,42187645.0
2004,ES,42921895.0
2005,ES,43653155.0
2006,ES,44397319.0
2007,ES,45226803.0
2008,ES,45954106.0
2009,ES,46362946.0
2010,ES,46576897.0
2011,ES,46742697.0
2012,ES,46773055.0
2013,ES,46620045.0
2014,ES,46480882.0
2015,ES,46447697.0
2016,ES,46443959.0
1985,ET,40800343.0
1986,ET,42120730.0
1987,ET,43493283.0
1988,ET,44932064.0
1989,ET,46458913.0
1990,ET,48086516.0
1991,ET,49821083.0
1992,ET,51647768.0
1993,ET,53532956.0
1994,ET,55431123.0
1995,ET,57309880.0
1996,ET,59155148.0
1997,ET,60976450.0
1998,ET,62794151.0
1999,ET,64640054.0
2000,ET,66537331.0
2001,ET,68492257.0
2002,ET,70497192.0
2003,ET,72545144.0
2004,ET,74624405.0
2005,ET,76727083.0
2006,ET,78850689.0
2007,ET,81000409.0
2008,ET,83184892.0
2009,ET,85416253.0
2010,ET,87702670.0
2011,ET,90046756.0
2012,ET,92444183.0
2013,ET,94887724.0
2014,ET,97366774.0
2015,ET,99873033.0
2016,ET,102403196.0
1996,FI,5124573.0
1997,FI,5139835.0
1998,FI,5153498.0
1999,FI,5165474.0
2000,FI,5176209.0
2001,FI,5188008.0
2002,FI,5200598.0
2003,FI,5213014.0
2004,FI,5228172.0
2005,FI,5246096.0
2006,FI,5266268.0
2007,FI,5288720.0
2008,FI,5313399.0
2009,FI,5338871.0
2010,FI,5363352.0
2011,FI,5388272.0
2012,FI,5413971.0
2013,FI,5438972.0
2014,FI,5461512.0
2015,FI,5479531.0
2016,FI,5495096.0
1995,FJ,775498.0
1996,FJ,784476.0
2006,FJ,827411.0
2007,FJ,834812.0
2008,FJ,843340.0
2009,FJ,851967.0
2010,FJ,859950.0
2011,FJ,867086.0
2012,FJ,873596.0
2013,FJ,879715.0
2014,FJ,885806.0
2015,FJ,892149.0
2016,FJ,898760.0
1989,FR,58182702.0
1990,FR,58512808.0
1991,FR,58559312.0
1992,FR,58851216.0
1993,FR,59106766.0
1994,FR,59327194.0
1995,FR,59541900.0
1996,FR,59753098.0
1997,FR,59964845.0
1998,FR,60186291.0
1999,FR,60496715.0
2000,FR,60912498.0
2001,FR,61357431.0
2002,FR,61805267.0
2003,FR,62244884.0
2004,FR,62704897.0
2005,FR,63179356.0
2006,FR,63621376.0
2007,FR,64016229.0
2008,FR,64374990.0
2009,FR,64707044.0
2010,FR,65027512.0
2011,FR,65342776.0
2012,FR,65659790.0
2013,FR,65998570.0
2014,FR,66331957.0
2015,FR,66624068.0
2016,FR,66896109.0
1990,GA,952212.0
1991,GA,978223.0
1992,GA,1004676.0
1993,GA,1031504.0
1994,GA,1058663.0
1995,GA,1086137.0
1996,GA,1113994.0
1997,GA,1142324.0
1998,GA,1171224.0
1999,GA,1200773.0
2000,GA,1231122.0
2001,GA,1262259.0
2002,GA,1294409.0
2003,GA,1328146.0
2004,GA,1364205.0
2005,GA,1403126.0
2006,GA,1444844.0
2007,GA,1489193.0
2008,GA,1536411.0
2009,GA,1586754.0
2010,GA,1640210.0
2011,GA,1697101.0
2012,GA,1756817.0
2013,GA,1817271.0
2014,GA,1875713.0
2015,GA,1930175.0
2016,GA,1979786.0
1988,GB,56928327.0
1989,GB,57076711.0
1990,GB,57247586.0
1991,GB,57424897.0
1992,GB,57580402.0
1993,GB,57718614.0
1994,GB,57865745.0
1995,GB,58019030.0
1996,GB,58166950.0
1997,GB,58316954.0
1998,GB,58487141.0
1999,GB,58682466.0
2000,GB,58892514.0
2001,GB,59119673.0
2002,GB,59370479.0
2003,GB,59647577.0
2004,GB,59987905.0
2005,GB,60401206.0
2006,GB,60846820.0
2007,GB,61322463.0
2008,GB,61806995.0
2009,GB,62276270.0
2010,GB,62766365.0
2011,GB,63258918.0
2012,GB,63700300.0
2013,GB,64128226.0
2014,GB,64613160.0
2015,GB,65128861.0
2016,GB,65637239.0
2010,GD,104677.0
2011,GD,105075.0
2015,GD,106823.0
1997,GE,4531600.0
1998,GE,4487300.0
1999,GE,4452500.0
2000,GE,4418300.0
2001,GE,4386400.0
2002,GE,4357000.0
2003,GE,4301000.0
2004,GE,4245000.0
2005,GE,4190000.0
2006,GE,4136000.0
2007,GE,4082000.0
2008,GE,4030000.0
2009,GE,3978000.0
2010,GE,3926000.0
2011,GE,3875000.0
2012,GE,3825000.0
2013,GE,3776000.0
2014,GE,3727000.0
2015,GE,3717100.0
2016,GE,3719300.0
1986,GH,13104296.0
1987,GH,13481406.0
1988,GH,13854214.0
1989,GH,14233874.0
1990,GH,14628260.0
1991,GH,15039514.0
1992,GH,15463854.0
1993,GH,15896432.0
1994,GH,16330174.0
1995,GH,16760467.0
1996,GH,17185608.0
1997,GH,17608812.0
1998,GH,18036494.0
1999,GH,18477612.0
2000,GH,18938762.0
2001,GH,19421605.0
2002,GH,19924522.0
2003,GH,20446782.0
2004,GH,20986536.0
2005,GH,21542009.0
2006,GH,22113425.0
2007,GH,22700212.0
2008,GH,23298640.0
2009,GH,23903831.0
2010,GH,24512104.0
2011,GH,25121796.0
2012,GH,25733049.0
2013,GH,26346251.0
2014,GH,26962563.0
2015,GH,27582821.0
2016,GH,28206728.0
1990,GM,916808.0
1991,GM,949493.0
1992,GM,979718.0
1993,GM,1008358.0
1994,GM,1036829.0
1995,GM,1066223.0
1996,GM,1096708.0
1997,GM,1128169.0
1998,GM,1160944.0
1999,GM,1195420.0
2000,GM,1231844.0
2001,GM,1270495.0
2002,GM,1311349.0
2003,GM,1354194.0
2004,GM,1398573.0
2005,GM,1444204.0
2006,GM,1491021.0
2007,GM,1539116.0
2008,GM,1588572.0
2009,GM,1639560.0
2010,GM,1692149.0
2011,GM,1746363.0
2012,GM,1802125.0
2013,GM,1859324.0
2014,GM,1917852.0
2015,GM,1977590.0
2016,GM,2038501.0
1990,GN,6041094.0
1991,GN,6374329.0
1992,GN,6758838.0
1993,GN,7163236.0
1994,GN,7544291.0
1995,GN,7871173.0
1996,GN,8132552.0
1997,GN,8337988.0
1998,GN,8503297.0
1999,GN,8653769.0
2000,GN,8808546.0
2001,GN,8971139.0
2002,GN,9137345.0
2003,GN,9309848.0
2004,GN,9490229.0
2005,GN,9679745.0
2006,GN,9881428.0
2007,GN,10096727.0
2008,GN,10323142.0
2009,GN,10556524.0
2010,GN,10794170.0
2011,GN,11035170.0
2012,GN,11281469.0
2013,GN,11536615.0
2014,GN,11805509.0
2015,GN,12091533.0
2016,GN,12395924.0
1985,GR,9934300.0
1986,GR,9967213.0
1987,GR,10000595.0
1988,GR,10036983.0
1989,GR,10089498.0
1993,GR,10460415.0
1994,GR,10512922.0
1995,GR,10562153.0
1996,GR,10608800.0
1997,GR,10661259.0
1998,GR,10720509.0
1999,GR,10761698.0
2000,GR,10805808.0
2001,GR,10862132.0
2002,GR,10902022.0
2003,GR,10928070.0
2004,GR,10955141.0
2005,GR,10987314.0
2006,GR,11020362.0
2007,GR,11048473.0
2008,GR,11077841.0
2009,GR,11107017.0
2010,GR,11121341.0
2011,GR,11104899.0
2012,GR,11045011.0
2013,GR,10965211.0
2014,GR,10892413.0
2015,GR,10820883.0
2016,GR,10746740.0
1985,GT,8240060.0
1986,GT,8438604.0
1987,GT,8639108.0
1988,GT,8842575.0
1989,GT,9050465.0
1990,GT,9263813.0
1991,GT,9483270.0
1992,GT,9708544.0
1993,GT,9938692.0
1994,GT,10172297.0
1995,GT,10408489.0
1996,GT,10646674.0
1997,GT,10887634.0
1998,GT,11133501.0
1999,GT,11387203.0
2000,GT,11650743.0
2001,GT,11924946.0
2002,GT,12208848.0
2003,GT,12500478.0
2004,GT,12796925.0
2005,GT,13096028.0
2006,GT,13397008.0
2007,GT,13700286.0
2008,GT,14006366.0
2009,GT,14316208.0
2010,GT,14630417.0
2011,GT,14948919.0
2012,GT,15271056.0
2013,GT,15596214.0
2014,GT,15923559.0
2015,GT,16252429.0
2016,GT,16582469.0
1990,GW,1012280.0
1991,GW,1037155.0
1992,GW,1062800.0
1993,GW,1088569.0
1994,GW,1113541.0
1995,GW,1137122.0
1996,GW,1159060.0
1997,GW,1179727.0
1998,GW,1199915.0
1999,GW,1220794.0
2000,GW,1243229.0
2001,GW,1267512.0
2002,GW,1293523.0
2003,GW,1321202.0
2004,GW,1350345.0
2005,GW,1380838.0
2006,GW,1412669.0
2007,GW,1445958.0
2008,GW,1480841.0
2009,GW,1517448.0
2010,GW,1555880.0
2011,GW,1596154.0
2012,GW,1638139.0
2013,GW,1681495.0
2014,GW,1725744.0
2015,GW,1770526.0
2016,GW,1815698.0
1997,GY,760510.0
2010,GY,746556.0
2011,GY,749100.0
2012,GY,753091.0
2013,GY,758081.0
2014,GY,763393.0
2015,GY,768514.0
2016,GY,773303.0
1985,HN,4281189.0
1986,HN,4410158.0
1987,HN,4541804.0
1988,HN,4676361.0
1989,HN,4814137.0
1990,HN,4955328.0
1991,HN,5099951.0
1992,HN,5247836.0
1993,HN,5398805.0
1994,HN,5552625.0
1995,HN,5709051.0
1997,HN,6028882.0
1998,HN,6192026.0
1999,HN,6357221.0
2000,HN,6524283.0
2001,HN,6693061.0
2002,HN,6863157.0
2003,HN,7033821.0
2004,HN,7204153.0
2005,HN,7373430.0
2006,HN,7541406.0
2007,HN,7707972.0
2008,HN,7872658.0
2009,HN,8035021.0
2010,HN,8194778.0
2011,HN,8351600.0
2012,HN,8505646.0
2013,HN,8657785.0
2014,HN,8809216.0
2015,HN,8960829.0
2016,HN,9112867.0
1993,HR,4640000.0
1994,HR,4650000.0
1995,HR,4669000.0
1996,HR,4494000.0
1997,HR,4572000.0
1998,HR,4501000.0
1999,HR,4554000.0
2000,HR,4426000.0
2001,HR,4440000.0
2002,HR,4440000.0
2003,HR,4440000.0
2004,HR,4439000.0
2005,HR,4442000.0
2006,HR,4440000.0
2007,HR,4436000.0
2008,HR,4434508.0
2009,HR,4429078.0
2010,HR,4417781.0
2011,HR,4280622.0
2012,HR,4267558.0
2013,HR,4255689.0
2014,HR,4238389.0
2015,HR,4203604.0
2016,HR,4170600.0
1999,HT,8404398.0
2000,HT,8549200.0
2007,HT,9556889.0
2008,HT,9705029.0
2009,HT,9852870.0
2010,HT,9999617.0
2011,HT,10145054.0
2012,HT,10289210.0
2013,HT,10431776.0
2014,HT,10572466.0
2015,HT,10711061.0
1989,HU,10481719.0
1990,HU,10373988.0
1991,HU,10373400.0
1992,HU,10369341.0
1993,HU,10357523.0
1994,HU,10343355.0
1995,HU,10328965.0
1996,HU,10311238.0
1997,HU,10290486.0
1998,HU,10266570.0
1999,HU,10237530.0
2000,HU,10210971.0
2001,HU,10187576.0
2002,HU,10158608.0
2003,HU,10129552.0
2004,HU,10107146.0
2005,HU,10087065.0
2006,HU,10071370.0
2007,HU,10055780.0
2008,HU,10038188.0
2009,HU,10022650.0
2010,HU,10000023.0
2011,HU,9971727.0
2012,HU,9920362.0
2013,HU,9893082.0
2014,HU,9866468.0
2015,HU,9843028.0
2016,HU,9817958.0
1985,ID,165012196.0
1986,ID,168402025.0
1987,ID,171728917.0
1988,ID,175000916.0
1989,ID,178233223.0
1990,ID,181436821.0
1991,ID,184615979.0
1992,ID,187766086.0
1993,ID,190879523.0
1994,ID,193945272.0
1995,ID,196957849.0
1996,ID,199914831.0
1997,ID,202826465.0
1998,ID,205715544.0
1999,ID,208612556.0
2000,ID,211540429.0
2001,ID,214506502.0
2002,ID,217508059.0
2003,ID,220545214.0
2004,ID,223614649.0
2005,ID,226712730.0
2006,ID,229838202.0
2007,ID,232989141.0
2008,ID,236159276.0
2009,ID,239340478.0
2010,ID,242524123.0
2011,ID,245707511.0
2012,ID,248883232.0
2013,ID,252032263.0
2014,ID,255131116.0
2015,ID,258162113.0
2016,ID,261115456.0
1993,IE,3576261.0
1994,IE,3590386.0
1996,IE,3637510.0
1997,IE,3674171.0
1998,IE,3712696.0
1999,IE,3754786.0
2000,IE,3805174.0
2001,IE,3866243.0
2002,IE,3931947.0
2003,IE,3996521.0
2004,IE,4070262.0
2005,IE,4159914.0
2006,IE,4273591.0
2007,IE,4398942.0
2008,IE,4489544.0
2009,IE,4535375.0
2010,IE,4560155.0
2011,IE,4576794.0
2012,IE,4586897.0
2013,IE,4598294.0
2014,IE,4617225.0
2015,IE,4676835.0
2016,IE,4773095.0
1998,IL,5971000.0
1999,IL,6125000.0
2000,IL,6289000.0
2001,IL,6439000.0
2002,IL,6570000.0
2003,IL,6689700.0
2004,IL,6809000.0
2005,IL,6930100.0
2006,IL,7053700.0
2007,IL,7180100.0
2008,IL,7308800.0
2009,IL,7485600.0
2010,IL,7623600.0
2011,IL,7765800.0
2012,IL,7910500.0
2013,IL,8059500.0
2014,IL,8215700.0
2015,IL,8380100.0
2016,IL,8547100.0
1985,IN,781666671.0
1986,IN,799181436.0
1987,IN,816792741.0
1988,IN,834489322.0
1989,IN,852270034.0
1990,IN,870133480.0
1991,IN,888054875.0
1992,IN,906021106.0
1993,IN,924057817.0
1994,IN,942204249.0
1995,IN,960482795.0
1996,IN,978893217.0
1997,IN,997405318.0
1998,IN,1015974042.0
1999,IN,1034539214.0
2000,IN,1053050912.0
2001,IN,1071477855.0
2002,IN,1089807112.0
2003,IN,1108027848.0
2004,IN,1126135777.0
2005,IN,1144118674.0
2006,IN,1161977719.0
2007,IN,1179681239.0
2008,IN,1197146906.0
2009,IN,1214270132.0
2010,IN,1230980691.0
2011,IN,1247236029.0
2012,IN,1263065852.0
2013,IN,1278562207.0
2014,IN,1293859294.0
2015,IN,1309053980.0
2016,IN,1324171354.0
1985,IQ,15576395.0
1986,IQ,15936375.0
1987,IQ,16290149.0
1991,IQ,17942715.0
1992,IQ,18458187.0
1993,IQ,19011917.0
1994,IQ,19597239.0
1995,IQ,20208387.0
1996,IQ,20845893.0
1997,IQ,21509291.0
1998,IQ,22190250.0
1999,IQ,22878156.0
2000,IQ,23565413.0
2001,IQ,24251649.0
2002,IQ,24939299.0
2003,IQ,25627626.0
2004,IQ,26316609.0
2005,IQ,27008426.0
2006,IQ,27697912.0
2007,IQ,28390433.0
2008,IQ,29111417.0
2009,IQ,29894652.0
2010,IQ,30762701.0
2011,IQ,31727053.0
2012,IQ,32776571.0
2013,IQ,33883145.0
2014,IQ,35006080.0
2015,IQ,36115649.0
2016,IQ,37202572.0
1985,IR,47342702.0
1986,IR,49256842.0
1987,IR,51197482.0
1988,IR,53075618.0
1989,IR,54777114.0
1990,IR,56226185.0
1991,IR,57375584.0
1992,IR,58260738.0
1993,IR,58991218.0
1994,IR,59725125.0
1995,IR,60575644.0
1996,IR,61583089.0
1997,IR,62710557.0
1998,IR,63900630.0
1999,IR,65062660.0
2000,IR,66131854.0
2001,IR,67096414.0
2002,IR,67983330.0
2003,IR,68812713.0
2004,IR,69617100.0
2005,IR,70421811.0
2006,IR,71227880.0
2007,IR,72031103.0
2008,IR,72845542.0
2009,IR,73687565.0
2010,IR,74567511.0
2011,IR,75491582.0
2012,IR,76453574.0
2013,IR,77435384.0
2014,IR,78411092.0
2015,IR,79360487.0
2016,IR,80277428.0
1995,IS,267468.0
1996,IS,268916.0
1997,IS,271128.0
1998,IS,274047.0
1999,IS,277381.0
2000,IS,281205.0
2001,IS,284968.0
2002,IS,287523.0
2003,IS,289521.0
2004,IS,292074.0
2005,IS,296734.0
2006,IS,303782.0
2007,IS,311566.0
2008,IS,317414.0
2009,IS,318499.0
2010,IS,318041.0
2011,IS,319014.0
2012,IS,320716.0
2013,IS,323764.0
2014,IS,327386.0
2015,IS,330815.0
2016,IS,334252.0
1985,IT,56593071.0
1986,IT,56596155.0
1987,IT,56601931.0
1988,IT,56629288.0
1989,IT,56671781.0
1990,IT,56719240.0
1991,IT,56758521.0
1992,IT,56797087.0
1993,IT,56831821.0
1994,IT,56843400.0
1995,IT,56844303.0
1996,IT,56860281.0
1997,IT,56890372.0
1998,IT,56906744.0
1999,IT,56916317.0
2000,IT,56942108.0
2001,IT,56974100.0
2002,IT,57059007.0
2003,IT,57313203.0
2004,IT,57685327.0
2005,IT,57969484.0
2006,IT,58143979.0
2007,IT,58438310.0
2008,IT,58826731.0
2009,IT,59095365.0
2010,IT,59277417.0
2011,IT,59379449.0
2012,IT,59539717.0
2013,IT,60233948.0
2014,IT,60789140.0
2015,IT,60730582.0
2016,IT,60600590.0
1992,JM,2465362.0
1993,JM,2488782.0
1994,JM,2513049.0
1995,JM,2537440.0
1996,JM,2561993.0
1997,JM,2586827.0
1998,JM,2611367.0
1999,JM,2634882.0
2000,JM,2656864.0
2009,JM,2804082.0
2010,JM,2817210.0
2011,JM,2829493.0
2012,JM,2840992.0
2013,JM,2851807.0
2014,JM,2862087.0
2015,JM,2871934.0
2016,JM,2881355.0
1985,JO,2895985.0
1989,JO,3395023.0
1990,JO,3560582.0
1991,JO,3753433.0
1992,JO,3968198.0
1993,JO,4189431.0
1994,JO,4395953.0
1995,JO,4572904.0
1996,JO,4716373.0
1997,JO,4832267.0
1998,JO,4927912.0
1999,JO,5014899.0
2000,JO,5103130.0
2001,JO,5193482.0
2002,JO,5287488.0
2003,JO,5396774.0
2004,JO,5535595.0
2005,JO,5714111.0
2006,JO,5934232.0
2007,JO,6193191.0
2008,JO,6489822.0
2009,JO,6821116.0
2010,JO,7182390.0
2011,JO,7574943.0
2012,JO,7992573.0
2013,JO,8413464.0
2014,JO,8809306.0
2015,JO,9159302.0
2016,JO,9455802.0
1985,JP,120754000.0
1986,JP,121492000.0
1987,JP,122091000.0
1988,JP,122613000.0
1989,JP,123116000.0
1990,JP,123537000.0
1991,JP,123921000.0
1992,JP,124229000.0
1993,JP,124536000.0
1994,JP,124961000.0
1995,JP,125439000.0
1996,JP,125757000.0
1997,JP,126057000.0
1998,JP,126400000.0
1999,JP,126631000.0
2000,JP,126843000.0
2001,JP,127149000.0
2002,JP,127445000.0
2003,JP,127718000.0
2004,JP,127761000.0
2005,JP,127773000.0
2006,JP,127854000.0
2007,JP,128001000.0
2008,JP,128063000.0
2009,JP,128047000.0
2010,JP,128070000.0
2011,JP,127833000.0
2012,JP,127629000.0
2013,JP,127445000.0
2014,JP,127276000.0
2015,JP,127141000.0
2016,JP,126994511.0
1985,KE,19651225.0
1986,KE,20378626.0
1987,KE,21119318.0
1988,KE,21871442.0
1989,KE,22633022.0
1990,KE,23402507.0
1991,KE,24179598.0
1992,KE,24963953.0
1993,KE,25754114.0
1994,KE,26548486.0
1995,KE,27346456.0
1996,KE,28147734.0
1997,KE,28954114.0
1998,KE,29769803.0
1999,KE,30600397.0
2000,KE,31450483.0
2001,KE,32321482.0
2002,KE,33214009.0
2003,KE,34130852.0
2004,KE,35074931.0
2005,KE,36048288.0
2006,KE,37052050.0
2007,KE,38085909.0
2008,KE,39148416.0
2009,KE,40237204.0
2010,KE,41350152.0
2011,KE,42486839.0
2012,KE,43646629.0
2013,KE,44826849.0
2014,KE,46024250.0
2015,KE,47236259.0
2016,KE,48461567.0
1993,KG,4516700.0
1994,KG,4515100.0
1995,KG,4560400.0
1996,KG,4628400.0
1997,KG,4696400.0
1998,KG,4769000.0
1999,KG,4840400.0
2000,KG,4898400.0
2001,KG,4945100.0
2002,KG,4990700.0
2003,KG,5043300.0
2004,KG,5104700.0
2005,KG,5162600.0
2006,KG,5218400.0
2007,KG,5268400.0
2008,KG,5318700.0
2009,KG,5383300.0
2010,KG,5447900.0
2011,KG,5514600.0
2012,KG,5607200.0
2013,KG,5719600.0
2014,KG,5835500.0
2015,KG,5956900.0
2016,KG,6082700.0
1993,KH,9968275.0
1994,KH,10315376.0
1995,KH,10653558.0
1996,KH,10980273.0
1997,KH,11295880.0
1998,KH,11597739.0
1999,KH,11883636.0
2000,KH,12152354.0
2001,KH,12402473.0
2002,KH,12634729.0
2003,KH,12853124.0
2004,KH,13063377.0
2005,KH,13270201.0
2006,KH,13474489.0
2007,KH,13676693.0
2008,KH,13880509.0
2009,KH,14090208.0
2010,KH,14308740.0
2011,KH,14537886.0
2012,KH,14776866.0
2013,KH,15022692.0
2014,KH,15270790.0
2015,KH,15517635.0
2016,KH,15762370.0
1992,KM,436448.0
2000,KM,542357.0
2001,KM,555888.0
2002,KM,569479.0
2012,KN,52591.0
2013,KN,53169.0
2014,KN,53739.0
2015,KP,25243917.0
1987,KR,41621690.0
1988,KR,42031247.0
1989,KR,42449038.0
1990,KR,42869283.0
1991,KR,43295704.0
1992,KR,43747962.0
1995,KR,45092991.0
1996,KR,45524681.0
1997,KR,45953580.0
1998,KR,46286503.0
1999,KR,46616677.0
2000,KR,47008111.0
2001,KR,47370164.0
2002,KR,47644736.0
2003,KR,47892330.0
2004,KR,48082519.0
2005,KR,48184561.0
2006,KR,48438292.0
2007,KR,48683638.0
2008,KR,49054708.0
2009,KR,49307835.0
2010,KR,49554112.0
2011,KR,49936638.0
2012,KR,50199853.0
2013,KR,50428893.0
2014,KR,50746659.0
2015,KR,51014947.0
2016,KR,51245707.0
1985,KW,1738994.0
1989,KW,2096932.0
1991,KW,2035661.0
1995,KW,1610651.0
1996,KW,1631740.0
1997,KW,1715314.0
1998,KW,1836353.0
1999,KW,1957066.0
2000,KW,2050741.0
2001,KW,2109355.0
2002,KW,2143833.0
2003,KW,2169118.0
2004,KW,2207939.0
2005,KW,2276623.0
2006,KW,2377258.0
2007,KW,2503410.0
2008,KW,2652340.0
2009,KW,2818939.0
2010,KW,2998083.0
2011,KW,3191051.0
2012,KW,3395556.0
2013,KW,3598385.0
2014,KW,3782450.0
2015,KW,3935794.0
2016,KW,4052584.0
2009,KY,54279.0
2010,KY,55507.0
2011,KY,56579.0
2012,KY,57523.0
2013,KY,58371.0
2014,KY,59172.0
2015,KY,59963.0
2016,KY,60765.0
1993,KZ,16330419.0
1994,KZ,16095199.0
1995,KZ,15815626.0
1996,KZ,15577894.0
1997,KZ,15333703.0
1998,KZ,15071300.0
1999,KZ,14928426.0
2000,KZ,14883626.0
2001,KZ,14858335.0
2002,KZ,14858948.0
2003,KZ,14909018.0
2004,KZ,15012985.0
2005,KZ,15147029.0
2006,KZ,15308084.0
2007,KZ,15484192.0
2008,KZ,15674000.0
2009,KZ,16092701.0
2010,KZ,16321581.0
2011,KZ,16556600.0
2012,KZ,16791425.0
2013,KZ,17035275.0
2014,KZ,17289224.0
2015,KZ,17544126.0
2016,KZ,17797032.0
1987,LA,3905163.0
1998,LA,5150763.0
2000,LA,5329304.0
1985,LB,2676583.0
1986,LB,2677280.0
1988,LB,2668585.0
1989,LB,2676605.0
1990,LB,2703016.0
1991,LB,2752462.0
1992,LB,2821862.0
1993,LB,2900854.0
1994,LB,2974640.0
1995,LB,3033394.0
1996,LB,3070960.0
1997,LB,3092670.0
1998,LB,3113951.0
1999,LB,3156646.0
2000,LB,3235366.0
2001,LB,3359859.0
2002,LB,3522837.0
2003,LB,3701464.0
2004,LB,3863267.0
2005,LB,3986852.0
2006,LB,4057350.0
2007,LB,4086466.0
2008,LB,4111047.0
2009,LB,4183156.0
2010,LB,4337141.0
2011,LB,4588368.0
2012,LB,4916404.0
2013,LB,5276102.0
2014,LB,5603279.0
2015,LB,5851479.0
2016,LB,6006668.0
1997,LC,151086.0
2007,LC,167288.0
2008,LC,169220.0
2009,LC,171022.0
2010,LC,172580.0
2011,LC,173832.0
2012,LC,174835.0
2013,LC,175660.0
2014,LC,176421.0
2015,LC,177206.0
2000,LI,33286.0
2001,LI,33671.0
2002,LI,34018.0
2003,LI,34321.0
2004,LI,34596.0
2005,LI,34852.0
2006,LI,35095.0
2007,LI,35322.0
2008,LI,35541.0
2009,LI,35766.0
2010,LI,36003.0
2011,LI,36264.0
2012,LI,36545.0
2013,LI,36834.0
2014,LI,37127.0
2015,LI,37403.0
2016,LI,37666.0
1993,LK,17728000.0
1994,LK,17912000.0
1995,LK,18074000.0
1996,LK,18210000.0
1997,LK,18323000.0
1998,LK,18425000.0
1999,LK,18532000.0
2000,LK,18655000.0
2001,LK,18797000.0
2002,LK,18939000.0
2003,LK,19083000.0
2004,LK,19228000.0
2005,LK,19373000.0
2006,LK,19520000.0
2007,LK,19668000.0
2008,LK,19817000.0
2009,LK,19968000.0
2010,LK,20119000.0
2011,LK,20271000.0
2012,LK,20425000.0
2013,LK,20585000.0
2014,LK,20771000.0
2015,LK,20966000.0
2016,LK,21203000.0
1986,LR,2201833.0
1989,LR,2131525.0
1992,LR,2022729.0
1993,LR,2000248.0
1994,LR,2012885.0
1995,LR,2073482.0
1996,LR,2191179.0
1997,LR,2358469.0
1998,LR,2551062.0
1999,LR,2734518.0
2000,LR,2884522.0
2001,LR,2991132.0
2002,LR,3062863.0
2003,LR,3116233.0
2004,LR,3176414.0
2005,LR,3261230.0
2006,LR,3375838.0
2007,LR,3512932.0
2008,LR,3662993.0
2009,LR,3811528.0
2010,LR,3948125.0
2011,LR,4070167.0
2012,LR,4181563.0
2013,LR,4286291.0
2014,LR,4390737.0
2015,LR,4499621.0
2016,LR,4613823.0
1985,LS,1472192.0
1986,LS,1499861.0
1987,LS,1525460.0
1988,LS,1550262.0
1989,LS,1576022.0
1990,LS,1603938.0
1991,LS,1634517.0
1992,LS,1667121.0
1993,LS,1700362.0
1994,LS,1732257.0
2006,LS,1965662.0
2011,LS,2064166.0
2012,LS,2089928.0
2013,LS,2117361.0
2014,LS,2145785.0
2015,LS,2174645.0
2016,LS,2203821.0
1997,LT,3575137.0
1998,LT,3549331.0
1999,LT,3524238.0
2000,LT,3499536.0
2001,LT,3470818.0
2002,LT,3443067.0
2003,LT,3415213.0
2004,LT,3377075.0
2005,LT,3322528.0
2006,LT,3269909.0
2007,LT,3231294.0
2008,LT,3198231.0
2009,LT,3162916.0
2010,LT,3097282.0
2011,LT,3028115.0
2012,LT,2987773.0
2013,LT,2957689.0
2014,LT,2932367.0
2015,LT,2904910.0
2016,LT,2872298.0
1999,LU,430475.0
2000,LU,436300.0
2001,LU,441525.0
2003,LU,451630.0
2005,LU,465158.0
2006,LU,472637.0
2007,LU,479993.0
2008,LU,488650.0
2009,LU,497783.0
2010,LU,506953.0
2011,LU,518347.0
2013,LU,543360.0
2014,LU,556319.0
2015,LU,569604.0
2016,LU,582972.0
1998,LV,2410019.0
1999,LV,2390482.0
2000,LV,2367550.0
2001,LV,2337170.0
2002,LV,2310173.0
2003,LV,2287955.0
2004,LV,2263122.0
2005,LV,2238799.0
2006,LV,2218357.0
2007,LV,2200325.0
2008,LV,2177322.0
2009,LV,2141669.0
2010,LV,2097555.0
2011,LV,2059709.0
2012,LV,2034319.0
2013,LV,2012647.0
2014,LV,1993782.0
2015,LV,1977527.0
2016,LV,1960424.0
1993,LY,4755289.0
1994,LY,4855003.0
1995,LY,4948798.0
1996,LY,5035884.0
1997,LY,5117269.0
1998,LY,5195502.0
1999,LY,5274163.0
2000,LY,5355751.0
2001,LY,5440566.0
2002,LY,5527515.0
2003,LY,5615952.0
2004,LY,5704759.0
2005,LY,5792688.0
2006,LY,5881435.0
2007,LY,5970362.0
2008,LY,6053078.0
2009,LY,6121053.0
2010,LY,6169140.0
2011,LY,6193501.0
2012,LY,6198258.0
2013,LY,6195970.0
2014,LY,6204108.0
2015,LY,6234955.0
2016,LY,6293253.0
1985,MA,22537376.0
1987,MA,23497766.0
1993,MA,26237417.0
1995,MA,27075232.0
1996,MA,27460603.0
1997,MA,27825901.0
2000,MA,28849621.0
2001,MA,29181832.0
2002,MA,29512368.0
2003,MA,29843937.0
2004,MA,30179285.0
2005,MA,30521070.0
2006,MA,30869346.0
2007,MA,31225881.0
2008,MA,31596855.0
2009,MA,31989897.0
2010,MA,32409639.0
2011,MA,32858823.0
2012,MA,33333789.0
2013,MA,33824769.0
2014,MA,34318082.0
2015,MA,34803322.0
2016,MA,35276786.0
2010,MC,37094.0
1999,MD,3647001.0
2000,MD,3639592.0
2001,MD,3631462.0
2002,MD,3623062.0
2003,MD,3612874.0
2004,MD,3603945.0
2005,MD,3595187.0
2006,MD,3585209.0
2007,MD,3576910.0
2008,MD,3570108.0
2009,MD,3565604.0
2010,MD,3562045.0
2011,MD,3559986.0
2012,MD,3559519.0
2013,MD,3558566.0
2014,MD,3556397.0
2015,MD,3554108.0
2016,MD,3552000.0
2006,ME,615025.0
2007,ME,615875.0
2008,ME,616969.0
2009,ME,618294.0
2010,ME,619428.0
2011,ME,620079.0
2012,ME,620601.0
2013,ME,621207.0
2014,ME,621810.0
2015,ME,622159.0
2016,ME,622781.0
1994,MG,13066543.0
2000,MG,15766806.0
2001,MG,16260932.0
2002,MG,16765117.0
2010,MG,21151640.0
2011,MG,21743949.0
2012,MG,22346573.0
2013,MG,22961146.0
2014,MG,23589801.0
2015,MG,24234088.0
2016,MG,24894551.0
1993,MK,1984028.0
1994,MK,1981703.0
1995,MK,1983252.0
1996,MK,1989443.0
1997,MK,1999599.0
1998,MK,2012057.0
1999,MK,2024394.0
2000,MK,2034819.0
2001,MK,2042842.0
2002,MK,2048928.0
2003,MK,2053426.0
2004,MK,2057047.0
2005,MK,2060272.0
2006,MK,2063145.0
2007,MK,2065458.0
2008,MK,2067378.0
2009,MK,2069093.0
2010,MK,2070739.0
2011,MK,2072383.0
2012,MK,2074036.0
2013,MK,2075739.0
2014,MK,2077495.0
2015,MK,2079308.0
2016,MK,2081206.0
1986,ML,7955164.0
1987,ML,8067758.0
1988,ML,8180728.0
1989,ML,8309531.0
1990,ML,8465188.0
1991,ML,8652514.0
1992,ML,8868263.0
1995,ML,9604450.0
1996,ML,9856810.0
1997,ML,10114094.0
1998,ML,10380835.0
1999,ML,10663723.0
2000,ML,10967690.0
2001,ML,11293258.0
2002,ML,11638929.0
2003,ML,12005128.0
2004,ML,12391906.0
2005,ML,12798763.0
2006,ML,13227064.0
2007,ML,13675606.0
2008,ML,14138216.0
2009,ML,14606597.0
2010,ML,15075085.0
2011,ML,15540989.0
2012,ML,16006670.0
2013,ML,16477818.0
2014,ML,16962846.0
2015,ML,17467905.0
2016,ML,17994837.0
2015,MM,52403669.0
2005,MN,2526446.0
2006,MN,2558012.0
2007,MN,2591670.0
2008,MN,2628131.0
2009,MN,2668289.0
2010,MN,2712650.0
2011,MN,2761516.0
2012,MN,2814226.0
2013,MN,2869107.0
2014,MN,2923896.0
2015,MN,2976877.0
1989,MR,1976030.0
1990,MR,2030140.0
1991,MR,2085202.0
1992,MR,2141445.0
1993,MR,2199791.0
1994,MR,2261403.0
1995,MR,2327075.0
1996,MR,2397245.0
1997,MR,2471598.0
1998,MR,2549223.0
1999,MR,2628803.0
2000,MR,2709359.0
2001,MR,2790729.0
2002,MR,2873228.0
2003,MR,2957117.0
2004,MR,3042823.0
2005,MR,3130720.0
2006,MR,3220653.0
2007,MR,3312665.0
2008,MR,3407541.0
2009,MR,3506288.0
2010,MR,3609543.0
2011,MR,3717672.0
2012,MR,3830239.0
2013,MR,3946170.0
2014,MR,4063920.0
2015,MR,4182341.0
2016,MR,4301018.0
1993,MT,371308.0
1994,MT,374797.0
1995,MT,377419.0
1996,MT,379905.0
1997,MT,382791.0
1998,MT,385287.0
1999,MT,387578.0
2000,MT,390087.0
2001,MT,393028.0
2002,MT,395969.0
2003,MT,398582.0
2004,MT,401268.0
2005,MT,403834.0
2006,MT,405308.0
2007,MT,406724.0
2008,MT,409379.0
2009,MT,412477.0
2010,MT,414508.0
2011,MT,416268.0
2012,MT,419455.0
2013,MT,423374.0
2014,MT,427364.0
2015,MT,431874.0
2016,MT,436947.0
2001,MU,1196287.0
1986,MW,7625305.0
1987,MW,8120093.0
1988,MW,8636935.0
1989,MW,9094671.0
1990,MW,9437553.0
1991,MW,9641153.0
1992,MW,9729717.0
1993,MW,9755857.0
1994,MW,9796976.0
1995,MW,9909088.0
1996,MW,10109789.0
1997,MW,10381862.0
1998,MW,10704744.0
1999,MW,11044356.0
2000,MW,11376172.0
2001,MW,11695863.0
2002,MW,12013711.0
2003,MW,12336687.0
2004,MW,12676038.0
2005,MW,13039711.0
2006,MW,13429262.0
2007,MW,13840969.0
2008,MW,14271234.0
2009,MW,14714602.0
2010,MW,15167095.0
2011,MW,15627618.0
2012,MW,16097305.0
2013,MW,16577147.0
2014,MW,17068838.0
2015,MW,17573607.0
2016,MW,18091575.0
1985,MX,77360707.0
1986,MX,78934125.0
1987,MX,80503052.0
1988,MX,82083919.0
1989,MX,83697891.0
1990,MX,85357874.0
1991,MX,87071512.0
1992,MX,88828310.0
1993,MX,90600453.0
1994,MX,92349147.0
1995,MX,94045579.0
1996,MX,95687452.0
1997,MX,97281739.0
1998,MX,98821456.0
1999,MX,100300579.0
2000,MX,101719673.0
2001,MX,103067068.0
2002,MX,104355608.0
2003,MX,105640453.0
2004,MX,106995583.0
2005,MX,108472228.0
2006,MX,110092378.0
2007,MX,111836346.0
2008,MX,113661809.0
2009,MX,115505228.0
2010,MX,117318941.0
2011,MX,119090017.0
2012,MX,120828307.0
2013,MX,122535969.0
2014,MX,124221600.0
2015,MX,125890949.0
2016,MX,127540423.0
1985,MY,15598942.0
1986,MY,16045047.0
1987,MY,16525108.0
1988,MY,17027588.0
1989,MY,17535971.0
1990,MY,18038321.0
1991,MY,18529454.0
1992,MY,19012724.0
1993,MY,19494967.0
1994,MY,19986894.0
1995,MY,20495597.0
1996,MY,21023321.0
1997,MY,21565325.0
1998,MY,22113464.0
1999,MY,22656286.0
2000,MY,23185608.0
2001,MY,23698907.0
2002,MY,24198811.0
2003,MY,24688703.0
2004,MY,25174109.0
2005,MY,25659393.0
2006,MY,26143566.0
2007,MY,26625845.0
2008,MY,27111069.0
2009,MY,27605383.0
2010,MY,28112289.0
2011,MY,28635128.0
2012,MY,29170456.0
2013,MY,29706724.0
2014,MY,30228017.0
2015,MY,30723155.0
2016,MY,31187265.0
1985,MZ,12984405.0
1986,MZ,13034385.0
1987,MZ,13020861.0
1988,MZ,13002553.0
1989,MZ,13059613.0
1990,MZ,13247649.0
1991,MZ,13591970.0
1992,MZ,14071231.0
1993,MZ,14636995.0
1994,MZ,15217044.0
1995,MZ,15759132.0
1996,MZ,16248232.0
1997,MZ,16701351.0
1998,MZ,17136780.0
1999,MZ,17584869.0
2000,MZ,18067687.0
2001,MZ,18588758.0
2002,MZ,19139658.0
2003,MZ,19716598.0
2004,MZ,20312705.0
2005,MZ,20923070.0
2006,MZ,21547463.0
2007,MZ,22188387.0
2008,MZ,22846758.0
2009,MZ,23524063.0
2010,MZ,24221405.0
2011,MZ,24939005.0
2012,MZ,25676606.0
2013,MZ,26434372.0
2014,MZ,27212382.0
2015,MZ,28010691.0
2016,MZ,28829476.0
1990,NE,8012861.0
1991,NE,8272976.0
1992,NE,8549424.0
1993,NE,8842415.0
1994,NE,9151763.0
1995,NE,9477333.0
1996,NE,9819964.0
1997,NE,10180061.0
1998,NE,10556549.0
1999,NE,10947829.0
2000,NE,11352973.0
2001,NE,11771976.0
2002,NE,12206002.0
2003,NE,12656870.0
2004,NE,13127012.0
2005,NE,13618449.0
2006,NE,14132064.0
2007,NE,14668338.0
2008,NE,15228525.0
2009,NE,15813913.0
2010,NE,16425578.0
2011,NE,17064636.0
2012,NE,17731634.0
2013,NE,18426372.0
2014,NE,19148219.0
2015,NE,19896965.0
2016,NE,20672987.0
1985,NG,83613300.0
1986,NG,85818502.0
1987,NG,88101628.0
1988,NG,90450281.0
1989,NG,92844353.0
1990,NG,95269988.0
1991,NG,97726323.0
1992,NG,100221563.0
1993,NG,102761737.0
1994,NG,105355783.0
1995,NG,108011465.0
1996,NG,110732904.0
1997,NG,113522705.0
1998,NG,116385750.0
1999,NG,119327073.0
2000,NG,122352009.0
2001,NG,125463434.0
2002,NG,128666710.0
2003,NG,131972533.0
2004,NG,135393616.0
2005,NG,138939478.0
2006,NG,142614094.0
2007,NG,146417024.0
2008,NG,150347390.0
2009,NG,154402181.0
2010,NG,158578261.0
2011,NG,162877076.0
2012,NG,167297284.0
2013,NG,171829303.0
2014,NG,176460502.0
2015,NG,181181744.0
2016,NG,185989640.0
1985,NI,3709091.0
1986,NI,3796917.0
1987,NI,3882943.0
1988,NI,3968454.0
1989,NI,4055265.0
1990,NI,4144565.0
1991,NI,4236801.0
1992,NI,4331277.0
1993,NI,4426580.0
1994,NI,4520725.0
1995,NI,4612228.0
1996,NI,4700779.0
1997,NI,4786640.0
1998,NI,4869626.0
1999,NI,4949660.0
2000,NI,5026796.0
2001,NI,5100750.0
2002,NI,5171734.0
2003,NI,5240879.0
2004,NI,5309703.0
2005,NI,5379328.0
2006,NI,5450211.0
2007,NI,5522106.0
2008,NI,5594506.0
2009,NI,5666581.0
2010,NI,5737723.0
2011,NI,5807820.0
2012,NI,5877108.0
2013,NI,5945747.0
2014,NI,6013997.0
2015,NI,6082035.0
2016,NI,6149928.0
1992,NL,15184166.0
1993,NL,15290368.0
1994,NL,15382838.0
1995,NL,15459006.0
1996,NL,15530498.0
1997,NL,15610650.0
1998,NL,15707209.0
1999,NL,15812088.0
2000,NL,15925513.0
2001,NL,16046180.0
2002,NL,16148929.0
2003,NL,16225302.0
2004,NL,16281779.0
2005,NL,16319868.0
2006,NL,16346101.0
2007,NL,16381696.0
2008,NL,16445593.0
2009,NL,16530388.0
2010,NL,16615394.0
2011,NL,16693074.0
2012,NL,16754962.0
2013,NL,16804432.0
2014,NL,16865008.0
2015,NL,16939923.0
2016,NL,17018408.0
1993,NO,4311991.0
1995,NO,4359184.0
1996,NO,4381336.0
1997,NO,4405157.0
1998,NO,4431464.0
1999,NO,4461913.0
2000,NO,4490967.0
2001,NO,4513751.0
2002,NO,4538159.0
2003,NO,4564855.0
2004,NO,4591910.0
2005,NO,4623291.0
2006,NO,4660677.0
2007,NO,4709153.0
2008,NO,4768212.0
2009,NO,4828726.0
2010,NO,4889252.0
2011,NO,4953088.0
2012,NO,5018573.0
2013,NO,5079623.0
2014,NO,5137232.0
2015,NO,5188607.0
2016,NO,5232929.0
1989,NP,18293514.0
1990,NP,18749406.0
1991,NP,19245054.0
1992,NP,19773772.0
1993,NP,20321175.0
1994,NP,20867130.0
1995,NP,21396384.0
1996,NP,21903379.0
1997,NP,22389803.0
1998,NP,22856305.0
1999,NP,23305994.0
2000,NP,23740911.0
2001,NP,24161777.0
2002,NP,24566342.0
2003,NP,24950623.0
2004,NP,25309449.0
2005,NP,25640287.0
2006,NP,25940618.0
2007,NP,26214847.0
2008,NP,26475859.0
2009,NP,26741103.0
2010,NP,27023137.0
2011,NP,27327147.0
2012,NP,27649925.0
2013,NP,27985310.0
2014,NP,28323241.0
2015,NP,28656282.0
2016,NP,28982771.0
2012,NR,10279.0
2013,NR,10821.0
2014,NR,11853.0
2015,NR,12475.0
2016,NR,13049.0
1993,NZ,3572200.0
1995,NZ,3673400.0
1996,NZ,3732000.0
1997,NZ,3781300.0
1998,NZ,3815000.0
1999,NZ,3835100.0
2000,NZ,3857700.0
2001,NZ,3880500.0
2002,NZ,3948500.0
2003,NZ,4027200.0
2004,NZ,4087500.0
2005,NZ,4133900.0
2006,NZ,4184600.0
2007,NZ,4223800.0
2008,NZ,4259800.0
2009,NZ,4302600.0
2010,NZ,4350700.0
2011,NZ,4384000.0
2012,NZ,4408100.0
2013,NZ,4442100.0
2014,NZ,4509700.0
2015,NZ,4595700.0
2016,NZ,4692700.0
2000,OM,2267991.0
2001,OM,2294787.0
2002,OM,2334285.0
2003,OM,2385255.0
2004,OM,2444751.0
2005,OM,2511269.0
2006,OM,2582991.0
2007,OM,2662762.0
2008,OM,2759014.0
2009,OM,2882942.0
2010,OM,3041460.0
2011,OM,3237268.0
2012,OM,3464644.0
2013,OM,3711481.0
2014,OM,3960925.0
2015,OM,4199810.0
2016,OM,4424762.0
1985,PA,2219276.0
1986,PA,2268574.0
1987,PA,2318332.0
1988,PA,2368618.0
1989,PA,2419491.0
1990,PA,2471009.0
1991,PA,2523181.0
1992,PA,2576018.0
1993,PA,2629644.0
1994,PA,2684183.0
1995,PA,2739730.0
1996,PA,2796344.0
1997,PA,2853941.0
1998,PA,2912328.0
1999,PA,2971197.0
2000,PA,3030347.0
2001,PA,3089684.0
2002,PA,3149265.0
2003,PA,3209174.0
2004,PA,3269541.0
2005,PA,3330465.0
2006,PA,3391905.0
2007,PA,3453807.0
2008,PA,3516268.0
2009,PA,3579385.0
2010,PA,3643222.0
2011,PA,3707782.0
2012,PA,3772938.0
2013,PA,3838462.0
2014,PA,3903986.0
2015,PA,3969249.0
2016,PA,4034119.0
1985,PE,19544956.0
1986,PE,19996253.0
1987,PE,20451710.0
1993,PE,23184228.0
1994,PE,23619356.0
1995,PE,24038760.0
1996,PE,24441074.0
1997,PE,24827406.0
1998,PE,25199748.0
1999,PE,25561299.0
2000,PE,25914879.0
2001,PE,26261363.0
2002,PE,26601467.0
2003,PE,26937738.0
2004,PE,27273194.0
2005,PE,27610410.0
2006,PE,27949944.0
2007,PE,28292724.0
2008,PE,28641980.0
2009,PE,29001507.0
2010,PE,29373646.0
2011,PE,29759989.0
2012,PE,30158966.0
2013,PE,30565716.0
2014,PE,30973354.0
2015,PE,31376671.0
2016,PE,31773839.0
1985,PG,3794720.0
1986,PG,3895852.0
1987,PG,3997702.0
1988,PG,4100729.0
1989,PG,4205654.0
1990,PG,4313059.0
1991,PG,4423007.0
1992,PG,4535520.0
1993,PG,4651169.0
1994,PG,4770606.0
1995,PG,4894276.0
1996,PG,5022437.0
1997,PG,5154910.0
1998,PG,5291178.0
1999,PG,5430479.0
2000,PG,5572222.0
2001,PG,5716152.0
2002,PG,5862316.0
2003,PG,6010724.0
2004,PG,6161517.0
2005,PG,6314709.0
2006,PG,6470272.0
2007,PG,6627922.0
2008,PG,6787187.0
2009,PG,6947447.0
2010,PG,7108239.0
2011,PG,7269348.0
2012,PG,7430836.0
2013,PG,7592865.0
2014,PG,7755785.0
2015,PG,7919825.0
2016,PG,8084991.0
1985,PH,54323648.0
1986,PH,55804072.0
1987,PH,57313311.0
1988,PH,58845205.0
1989,PH,60391867.0
1990,PH,61947348.0
1991,PH,63508459.0
1992,PH,65075486.0
1993,PH,66650247.0
1994,PH,68236230.0
1995,PH,69835715.0
1996,PH,71446107.0
1997,PH,73064764.0
1998,PH,74693695.0
1999,PH,76335812.0
2000,PH,77991569.0
2001,PH,79665315.0
2002,PH,81352060.0
2003,PH,83031954.0
2004,PH,84678493.0
2005,PH,86274237.0
2006,PH,87809419.0
2007,PH,89293490.0
2008,PH,90751864.0
2009,PH,92220879.0
2010,PH,93726624.0
2011,PH,95277940.0
2012,PH,96866642.0
2013,PH,98481032.0
2014,PH,100102249.0
2015,PH,101716359.0
2016,PH,103320222.0
1985,PK,92219488.0
1986,PK,95264460.0
1987,PK,98357473.0
1988,PK,101474835.0
1989,PK,104588490.0
1990,PK,107678614.0
1991,PK,110730420.0
1992,PK,113747135.0
1993,PK,116749560.0
1994,PK,119769556.0
1995,PK,122829148.0
1996,PK,125938339.0
1997,PK,129086987.0
1998,PK,132253264.0
1999,PK,135405584.0
2000,PK,138523285.0
2001,PK,141601437.0
2002,PK,144654143.0
2003,PK,147703401.0
2004,PK,150780300.0
2005,PK,153909667.0
2006,PK,157093993.0
2007,PK,160332974.0
2008,PK,163644603.0
2009,PK,167049580.0
2010,PK,170560182.0
2011,PK,174184265.0
2012,PK,177911533.0
2013,PK,181712595.0
2014,PK,185546257.0
2015,PK,189380513.0
2016,PK,193203476.0
1992,PL,38363667.0
1993,PL,38461408.0
1997,PL,38649660.0
1998,PL,38663481.0
1999,PL,38660271.0
2000,PL,38258629.0
2001,PL,38248076.0
2002,PL,38230364.0
2003,PL,38204570.0
2004,PL,38182222.0
2005,PL,38165445.0
2006,PL,38141267.0
2007,PL,38120560.0
2008,PL,38125759.0
2009,PL,38151603.0
2010,PL,38042794.0
2011,PL,38063255.0
2012,PL,38063164.0
2013,PL,38040196.0
2014,PL,38011735.0
2015,PL,37986412.0
2016,PL,37948016.0
1996,PT,10063945.0
1997,PT,10108977.0
1998,PT,10160196.0
1999,PT,10217828.0
2000,PT,10289898.0
2001,PT,10362722.0
2002,PT,10419631.0
2003,PT,10458821.0
2004,PT,10483861.0
2005,PT,10503330.0
2006,PT,10522288.0
2007,PT,10542964.0
2008,PT,10558177.0
2009,PT,10568247.0
2010,PT,10573100.0
2011,PT,10557560.0
2012,PT,10514844.0
2013,PT,10457295.0
2014,PT,10401062.0
2015,PT,10358076.0
2016,PT,10324611.0
2009,PW,20342.0
2011,PW,20599.0
2012,PW,20758.0
2013,PW,20920.0
2014,PW,21094.0
1993,PY,4541902.0
1994,PY,4651225.0
1995,PY,4760850.0
1996,PY,4870694.0
1997,PY,4980344.0
1998,PY,5089310.0
1999,PY,5196937.0
2000,PY,5302700.0
2001,PY,5406624.0
2002,PY,5508611.0
2003,PY,5607950.0
2004,PY,5703740.0
2005,PY,5795494.0
2006,PY,5882796.0
2007,PY,5966159.0
2008,PY,6047117.0
2009,PY,6127837.0
2010,PY,6209877.0
2011,PY,6293783.0
2012,PY,6379219.0
2013,PY,6465740.0
2014,PY,6552584.0
2015,PY,6639119.0
2016,PY,6725308.0
1985,QA,371081.0
1999,QA,569447.0
2000,QA,592267.0
2001,QA,616886.0
2002,QA,645659.0
2003,QA,688586.0
2004,QA,758855.0
2005,QA,864863.0
2006,QA,1010382.0
2007,QA,1189633.0
2008,QA,1389342.0
2009,QA,1590780.0
2010,QA,1779676.0
2011,QA,1952054.0
2012,QA,2109568.0
2013,QA,2250473.0
2014,QA,2374419.0
2015,QA,2481539.0
2016,QA,2569804.0
1991,RO,23001155.0
1992,RO,22794284.0
1993,RO,22763280.0
1994,RO,22730211.0
1995,RO,22684270.0
1996,RO,22619004.0
1997,RO,22553978.0
1998,RO,22507344.0
1999,RO,22472040.0
2000,RO,22442971.0
2001,RO,22131970.0
2002,RO,21730496.0
2003,RO,21574326.0
2004,RO,21451748.0
2005,RO,21319685.0
2006,RO,21193760.0
2007,RO,20882982.0
2008,RO,20537875.0
2009,RO,20367487.0
2010,RO,20246871.0
2011,RO,20147528.0
2012,RO,20058035.0
2013,RO,19983693.0
2014,RO,19908979.0
2015,RO,19815481.0
2016,RO,19705301.0
1990,RS,7586000.0
1991,RS,7595636.0
1992,RS,7646424.0
1993,RS,7699307.0
1994,RS,7734639.0
1995,RS,7625357.0
1996,RS,7617794.0
1997,RS,7596501.0
1998,RS,7567745.0
1999,RS,7540401.0
2000,RS,7516346.0
2001,RS,7503433.0
2002,RS,7496522.0
2003,RS,7480591.0
2004,RS,7463157.0
2005,RS,7440769.0
2006,RS,7411569.0
2007,RS,7381579.0
2008,RS,7350222.0
2009,RS,7320807.0
2010,RS,7291436.0
2011,RS,7234099.0
2012,RS,7199077.0
2013,RS,7164132.0
2014,RS,7130576.0
2015,RS,7095383.0
2016,RS,7057412.0
1993,RU,148520000.0
1994,RU,148336000.0
1995,RU,148375726.0
1996,RU,148160042.0
1997,RU,147915307.0
1998,RU,147670692.0
1999,RU,147214392.0
2000,RU,146596557.0
2001,RU,145976083.0
2002,RU,145306046.0
2003,RU,144648257.0
2004,RU,144067054.0
2005,RU,143518523.0
2006,RU,143049528.0
2007,RU,142805088.0
2008,RU,142742350.0
2009,RU,142785342.0
2010,RU,142849449.0
2011,RU,142960868.0
2012,RU,143201676.0
2013,RU,143506911.0
2014,RU,143819666.0
2015,RU,144096870.0
2016,RU,144342396.0
1985,RW,6120107.0
1986,RW,6407672.0
1987,RW,6732131.0
1988,RW,7030179.0
1989,RW,7216028.0
1990,RW,7235798.0
1991,RW,7051759.0
1992,RW,6701851.0
1993,RW,6299909.0
1994,RW,6005095.0
1995,RW,5928078.0
1996,RW,6115168.0
1997,RW,6522382.0
1998,RW,7059813.0
1999,RW,7593239.0
2000,RW,8025703.0
2001,RW,8329406.0
2002,RW,8536205.0
2003,RW,8680346.0
2004,RW,8818438.0
2005,RW,8991735.0
2006,RW,9206580.0
2007,RW,9447402.0
2008,RW,9708169.0
2009,RW,9977446.0
2010,RW,10246842.0
2011,RW,10516071.0
2012,RW,10788853.0
2013,RW,11065151.0
2014,RW,11345357.0
2015,RW,11629553.0
2016,RW,11917508.0
1985,SA,13189115.0
1986,SA,13869012.0
1991,SA,16867829.0
1992,SA,17378833.0
1993,SA,17859750.0
1994,SA,18311090.0
1995,SA,18735841.0
1996,SA,19131578.0
1997,SA,19505576.0
1998,SA,19882458.0
1999,SA,20294406.0
2000,SA,20764312.0
2001,SA,21303592.0
2002,SA,21906308.0
2003,SA,22556425.0
2004,SA,23228890.0
2005,SA,23905654.0
2006,SA,24578301.0
2007,SA,25252569.0
2008,SA,25940770.0
2009,SA,26661492.0
2010,SA,27425676.0
2011,SA,28238020.0
2012,SA,29086357.0
2013,SA,29944476.0
2014,SA,30776722.0
2015,SA,31557144.0
2016,SA,32275687.0
1995,SB,359225.0
1996,SB,369469.0
1997,SB,379947.0
1998,SB,390643.0
2012,SB,551531.0
2013,SB,563513.0
2014,SB,575504.0
2015,SB,587482.0
1985,SD,17210187.0
1986,SD,17757169.0
1987,SD,18302587.0
1988,SD,18866319.0
1989,SD,19475609.0
1990,SD,20147590.0
1991,SD,20893625.0
1992,SD,21701476.0
1993,SD,22535937.0
1994,SD,23347885.0
1995,SD,24102986.0
1996,SD,24786190.0
1997,SD,25410451.0
1998,SD,26003542.0
1999,SD,26607042.0
2000,SD,27250535.0
2001,SD,27945005.0
2002,SD,28679565.0
2003,SD,29435944.0
2004,SD,30186341.0
2005,SD,30911914.0
2006,SD,31607064.0
2007,SD,32282526.0
2008,SD,32955496.0
2009,SD,33650619.0
2010,SD,34385963.0
2011,SD,35167314.0
2012,SD,35990192.0
2013,SD,36849918.0
2014,SD,37737913.0
2015,SD,38647803.0
2016,SD,39578828.0
1990,SE,8558835.0
1991,SE,8617375.0
1992,SE,8668067.0
1993,SE,8718561.0
1994,SE,8780745.0
1995,SE,8826939.0
1996,SE,8840998.0
1997,SE,8846062.0
1998,SE,8850974.0
1999,SE,8857874.0
2000,SE,8872109.0
2001,SE,8895960.0
2002,SE,8924958.0
2003,SE,8958229.0
2004,SE,8993531.0
2005,SE,9029572.0
2006,SE,9080505.0
2007,SE,9148092.0
2008,SE,9219637.0
2009,SE,9298515.0
2010,SE,9378126.0
2011,SE,9449213.0
2012,SE,9519374.0
2013,SE,9600379.0
2014,SE,9696110.0
2015,SE,9799186.0
2016,SE,9903122.0
1986,SG,2733373.0
1987,SG,2774789.0
1988,SG,2846108.0
1989,SG,2930901.0
1990,SG,3047132.0
1991,SG,3135083.0
1993,SG,3313471.0
1994,SG,3419048.0
1995,SG,3524506.0
1996,SG,3670704.0
1997,SG,3796038.0
1998,SG,3927213.0
1999,SG,3958723.0
2001,SG,4138012.0
2002,SG,4175950.0
2003,SG,4114826.0
2004,SG,4166664.0
2005,SG,4265762.0
2006,SG,4401365.0
2007,SG,4588599.0
2008,SG,4839396.0
2009,SG,4987573.0
2010,SG,5076732.0
2011,SG,5183688.0
2012,SG,5312437.0
2013,SG,5399162.0
2014,SG,5469724.0
2015,SG,5535002.0
1992,SI,1996498.0
1993,SI,1991746.0
1994,SI,1989443.0
1995,SI,1989872.0
1996,SI,1988628.0
1997,SI,1985956.0
1998,SI,1981629.0
1999,SI,1983045.0
2000,SI,1988925.0
2001,SI,1992060.0
2002,SI,1994530.0
2003,SI,1995733.0
2004,SI,1997012.0
2005,SI,2000474.0
2006,SI,2006868.0
2007,SI,2018122.0
2008,SI,2021316.0
2009,SI,2039669.0
2010,SI,2048583.0
2011,SI,2052843.0
2012,SI,2057159.0
2013,SI,2059953.0
2014,SI,2061980.0
2015,SI,2063531.0
2016,SI,2064845.0
1993,SK,5325305.0
1995,SK,5361999.0
1996,SK,5373361.0
1997,SK,5383291.0
1998,SK,5390516.0
1999,SK,5396020.0
2000,SK,5388720.0
2001,SK,5378867.0
2002,SK,5376912.0
2003,SK,5373374.0
2004,SK,5372280.0
2005,SK,5372807.0
2006,SK,5373054.0
2007,SK,5374622.0
2008,SK,5379233.0
2009,SK,5386406.0
2010,SK,5391428.0
2011,SK,5398384.0
2012,SK,5407579.0
2013,SK,5413393.0
2014,SK,5418649.0
2015,SK,5423801.0
2016,SK,5428704.0
1985,SL,3799550.0
1986,SL,3912438.0
1987,SL,4034668.0
1988,SL,4152984.0
1990,SL,4312246.0
1991,SL,4337239.0
1992,SL,4331332.0
1993,SL,4307299.0
1994,SL,4283621.0
1995,SL,4274819.0
1996,SL,4282350.0
1997,SL,4305455.0
1998,SL,4353646.0
1999,SL,4437803.0
2000,SL,4564297.0
2001,SL,4739147.0
2002,SL,4957216.0
2003,SL,5199549.0
2004,SL,5439695.0
2005,SL,5658379.0
2006,SL,5848692.0
2007,SL,6015417.0
2008,SL,6165372.0
2009,SL,6310260.0
2010,SL,6458720.0
2011,SL,6611692.0
2012,SL,6766103.0
2013,SL,6922079.0
2014,SL,7079162.0
2015,SL,7237025.0
2016,SL,7396190.0
1985,SN,6484738.0
1986,SN,6686159.0
1987,SN,6893896.0
1988,SN,7107976.0
1989,SN,7328600.0
1990,SN,7555617.0
1991,SN,7789653.0
1992,SN,8029725.0
1993,SN,8272170.0
1994,SN,8512173.0
1995,SN,8746606.0
1996,SN,8974077.0
1997,SN,9196528.0
1998,SN,9418393.0
1999,SN,9645957.0
2000,SN,9884052.0
2001,SN,10134497.0
2002,SN,10396861.0
2003,SN,10670990.0
2004,SN,10955944.0
2005,SN,11251266.0
2006,SN,11556763.0
2007,SN,11873557.0
2008,SN,12203957.0
2009,SN,12550917.0
2010,SN,12916229.0
2011,SN,13300910.0
2012,SN,13703513.0
2013,SN,14120320.0
2014,SN,14546111.0
2015,SN,14976994.0
2016,SN,15411614.0
1985,SO,6791716.0
1986,SO,6887372.0
1987,SO,7018109.0
1988,SO,7165295.0
1989,SO,7298417.0
1990,SO,7397347.0
1992,SO,7488544.0
1993,SO,7519811.0
1994,SO,7583954.0
1995,SO,7704894.0
1996,SO,7892389.0
1997,SO,8137475.0
1998,SO,8422372.0
1999,SO,8720231.0
2000,SO,9011479.0
2001,SO,9290823.0
2002,SO,9564167.0
2003,SO,9836397.0
2004,SO,10116228.0
2005,SO,10409925.0
2006,SO,10718317.0
2007,SO,11038596.0
2008,SO,11369276.0
2009,SO,11707990.0
2010,SO,12053223.0
2011,SO,12404725.0
2012,SO,12763776.0
2013,SO,13132349.0
2014,SO,13513125.0
2015,SO,13908129.0
2016,SO,14317996.0
1992,SR,422763.0
1993,SR,430039.0
1994,SR,437037.0
1997,SR,455954.0
2007,SR,509705.0
2008,SR,515148.0
2009,SR,520619.0
2010,SR,526103.0
2011,SR,531589.0
2012,SR,537077.0
2014,SR,547928.0
2015,SR,553208.0
2016,SR,558368.0
1985,SV,4923860.0
1986,SV,4988943.0
1987,SV,5053714.0
1988,SV,5119035.0
1989,SV,5185943.0
1990,SV,5254984.0
1991,SV,5326657.0
1992,SV,5400331.0
1993,SV,5474000.0
1994,SV,5544945.0
1995,SV,5611115.0
1996,SV,5671925.0
1997,SV,5727755.0
1998,SV,5778706.0
1999,SV,5825187.0
2000,SV,5867626.0
2001,SV,5905962.0
2002,SV,5940303.0
2003,SV,5971535.0
2004,SV,6000775.0
2005,SV,6028961.0
2006,SV,6056478.0
2007,SV,6083475.0
2008,SV,6110301.0
2009,SV,6137276.0
2010,SV,6164626.0
2011,SV,6192560.0
2012,SV,6221246.0
2013,SV,6250777.0
2014,SV,6281189.0
2015,SV,6312478.0
2016,SV,6344722.0
1985,SY,10648632.0
1986,SY,11004272.0
1988,SY,11719071.0
1990,SY,12446171.0
1991,SY,12815219.0
1992,SY,13187085.0
1993,SY,13564167.0
1994,SY,13949697.0
1995,SY,14345492.0
1996,SY,14755286.0
1997,SY,15177456.0
1998,SY,15602210.0
1999,SY,16016092.0
2000,SY,16410848.0
2001,SY,16766899.0
2002,SY,17087901.0
2003,SY,17415266.0
2004,SY,17806638.0
2005,SY,18294611.0
2006,SY,18914977.0
2007,SY,19632806.0
2008,SY,20325443.0
2009,SY,20824893.0
2010,SY,21018834.0
2011,SY,20863993.0
2012,SY,20420701.0
2013,SY,19809141.0
2014,SY,19203090.0
2015,SY,18734987.0
2016,SY,18430453.0
1985,SZ,705085.0
1986,SZ,734243.0
1987,SZ,766707.0
1988,SZ,800456.0
1989,SZ,832682.0
1990,SZ,861373.0
1991,SZ,885623.0
1992,SZ,906034.0
1993,SZ,924025.0
1994,SZ,941774.0
1995,SZ,960792.0
1996,SZ,981764.0
1997,SZ,1003995.0
1998,SZ,1026009.0
1999,SZ,1045629.0
2000,SZ,1061468.0
2001,SZ,1072927.0
2002,SZ,1080930.0
2003,SZ,1087392.0
2004,SZ,1095053.0
2005,SZ,1105873.0
2006,SZ,1120514.0
2007,SZ,1138434.0
2008,SZ,1158897.0
2009,SZ,1180675.0
2010,SZ,1202843.0
2011,SZ,1225258.0
2012,SZ,1248158.0
2013,SZ,1271456.0
2014,SZ,1295097.0
2015,SZ,1319011.0
2016,SZ,1343098.0
2012,TC,32431.0
2013,TC,33108.0
2014,TC,33739.0
2015,TC,34339.0
1992,TD,6349089.0
1993,TD,6555603.0
1994,TD,6772133.0
1995,TD,7000722.0
1997,TD,7493251.0
1998,TD,7759258.0
1999,TD,8041846.0
2000,TD,8342559.0
2001,TD,8663012.0
2002,TD,9001689.0
2003,TD,9353201.0
2004,TD,9710043.0
2005,TD,10067009.0
2006,TD,10421597.0
2007,TD,10775708.0
2008,TD,11133861.0
2009,TD,11502786.0
2010,TD,11887202.0
2011,TD,12288651.0
2012,TD,12705135.0
2013,TD,13133589.0
2014,TD,13569438.0
2015,TD,14009413.0
2016,TD,14452543.0
1985,TG,3252994.0
1986,TG,3364020.0
1987,TG,3474080.0
1988,TG,3581928.0
1989,TG,3686373.0
1990,TG,3786940.0
1991,TG,3882271.0
1992,TG,3973327.0
1993,TG,4064926.0
1994,TG,4163642.0
1995,TG,4274024.0
1996,TG,4398238.0
1997,TG,4534551.0
1998,TG,4679023.0
1999,TG,4825704.0
2000,TG,4970367.0
2001,TG,5111770.0
2002,TG,5251472.0
2003,TG,5391401.0
2004,TG,5534598.0
2005,TG,5683268.0
2006,TG,5837792.0
2007,TG,5997385.0
2008,TG,6161796.0
2009,TG,6330472.0
2010,TG,6502952.0
2011,TG,6679282.0
2012,TG,6859482.0
2013,TG,7042948.0
2014,TG,7228915.0
2015,TG,7416802.0
2016,TG,7606374.0
1985,TH,52041469.0
1986,TH,52996467.0
1987,TH,53964406.0
1988,TH,54912334.0
1989,TH,55795106.0
1990,TH,56582821.0
1991,TH,57258401.0
1992,TH,57837878.0
1993,TH,58364891.0
1994,TH,58901666.0
1995,TH,59491790.0
1996,TH,60151472.0
1997,TH,60863506.0
1998,TH,61597283.0
1999,TH,62306651.0
2000,TH,62958021.0
2001,TH,63543322.0
2002,TH,64073164.0
2003,TH,64554952.0
2004,TH,65002231.0
2005,TH,65425470.0
2006,TH,65824164.0
2007,TH,66195615.0
2008,TH,66545760.0
2009,TH,66881867.0
2010,TH,67208808.0
2011,TH,67530130.0
2012,TH,67843979.0
2013,TH,68143065.0
2014,TH,68416772.0
2015,TH,68657600.0
2016,TH,68863514.0
1992,TJ,5502976.0
1993,TJ,5594114.0
1994,TJ,5679832.0
1995,TJ,5764712.0
1996,TJ,5849540.0
1997,TJ,5934282.0
1998,TJ,6021691.0
1999,TJ,6114886.0
2000,TJ,6216205.0
2001,TJ,6327125.0
2002,TJ,6447688.0
2003,TJ,6576877.0
2004,TJ,6712841.0
2005,TJ,6854176.0
2006,TJ,7000557.0
2007,TJ,7152385.0
2008,TJ,7309728.0
2009,TJ,7472819.0
2010,TJ,7641630.0
2011,TJ,7815949.0
2012,TJ,7995062.0
2013,TJ,8177809.0
2014,TJ,8362745.0
2015,TJ,8548651.0
2016,TJ,8734951.0
2001,TL,892531.0
2002,TL,923825.0
2003,TL,960852.0
2004,TL,996698.0
2005,TL,1026484.0
2006,TL,1048621.0
2007,TL,1064973.0
2008,TL,1078110.0
2009,TL,1092021.0
2010,TL,1109591.0
2011,TL,1131523.0
2012,TL,1156760.0
2013,TL,1184366.0
2014,TL,1212814.0
2015,TL,1240977.0
1993,TM,4010789.0
1994,TM,4115099.0
1995,TM,4207840.0
1996,TM,4287344.0
1997,TM,4355114.0
1998,TM,4413477.0
1999,TM,4466132.0
2000,TM,4516131.0
2001,TM,4564080.0
2002,TM,4610002.0
2003,TM,4655741.0
2004,TM,4703398.0
2005,TM,4754641.0
2006,TM,4810105.0
2007,TM,4870137.0
2008,TM,4935762.0
2009,TM,5007950.0
2010,TM,5087210.0
2011,TM,5174061.0
2012,TM,5267839.0
2013,TM,5366277.0
2014,TM,5466241.0
2015,TM,5565284.0
2016,TM,5662544.0
1994,TN,8956596.0
1995,TN,9113975.0
1996,TN,9256037.0
1997,TN,9384152.0
1998,TN,9499395.0
1999,TN,9603742.0
2000,TN,9699197.0
2001,TN,9785701.0
2002,TN,9864326.0
2003,TN,9939678.0
2004,TN,10017601.0
2005,TN,10102482.0
2006,TN,10196136.0
2007,TN,10298087.0
2008,TN,10407336.0
2009,TN,10521834.0
2010,TN,10639931.0
2011,TN,10761467.0
2012,TN,10886668.0
2013,TN,11014558.0
2014,TN,11143908.0
2015,TN,11273661.0
2016,TN,11403248.0
2010,TO,104137.0
2011,TO,104577.0
2012,TO,104951.0
2013,TO,105328.0
1985,TR,49133883.0
1987,TR,51100878.0
1988,TR,52053704.0
1989,TR,52992429.0
1990,TR,53921699.0
1991,TR,54840531.0
1992,TR,55748875.0
1993,TR,56653729.0
1994,TR,57564132.0
1995,TR,58486381.0
1996,TR,59423208.0
1997,TR,60372499.0
1998,TR,61329590.0
1999,TR,62287326.0
2000,TR,63240121.0
2001,TR,64191474.0
2002,TR,65143054.0
2003,TR,66085803.0
2004,TR,67007855.0
2005,TR,67903406.0
2006,TR,68763405.0
2007,TR,69597281.0
2008,TR,70440032.0
2009,TR,71339185.0
2010,TR,72326914.0
2011,TR,73409455.0
2012,TR,74569867.0
2013,TR,75787333.0
2014,TR,77030628.0
2015,TR,78271472.0
2016,TR,79512426.0
2007,TT,1309260.0
2008,TT,1315372.0
2009,TT,1321618.0
2010,TT,1328100.0
2011,TT,1334788.0
2012,TT,1341588.0
2013,TT,1348248.0
2014,TT,1354493.0
2015,TT,1360092.0
2016,TT,1364962.0
1985,TZ,21836999.0
1986,TZ,22511243.0
1987,TZ,23198533.0
1988,TZ,23909954.0
1989,TZ,24660575.0
1990,TZ,25459604.0
1991,TZ,26315013.0
1992,TZ,27219619.0
1993,TZ,28149328.0
1994,TZ,29070615.0
1995,TZ,29960776.0
1996,TZ,30811854.0
1997,TZ,31635251.0
1998,TZ,32451713.0
1999,TZ,33291540.0
2000,TZ,34178042.0
2001,TZ,35117019.0
2002,TZ,36105808.0
2003,TZ,37149072.0
2004,TZ,38249984.0
2005,TZ,39410545.0
2006,TZ,40634948.0
2007,TZ,41923715.0
2008,TZ,43270144.0
2009,TZ,44664231.0
2010,TZ,46098591.0
2011,TZ,47570902.0
2012,TZ,49082997.0
2013,TZ,50636595.0
2014,TZ,52234869.0
2015,TZ,53879957.0
2016,TZ,55572201.0
1994,UA,51921041.0
1995,UA,51512299.0
1996,UA,51057189.0
1997,UA,50594105.0
1998,UA,50143939.0
1999,UA,49673350.0
2000,UA,49175848.0
2001,UA,48683865.0
2002,UA,48202500.0
2003,UA,47812950.0
2004,UA,47451600.0
2005,UA,47105150.0
2006,UA,46787750.0
2007,UA,46509350.0
2008,UA,46258200.0
2009,UA,46053300.0
2010,UA,45870700.0
2011,UA,45706100.0
2012,UA,45593300.0
2013,UA,45489600.0
2014,UA,45271947.0
2015,UA,45154029.0
2016,UA,45004645.0
1985,UG,14646624.0
1986,UG,15154521.0
1987,UG,15695411.0
1988,UG,16262533.0
1989,UG,16846090.0
1990,UG,17438907.0
1991,UG,18040438.0
1992,UG,18652889.0
1993,UG,19275422.0
1994,UG,19907634.0
1995,UG,20550291.0
1996,UG,21202118.0
1997,UG,21865931.0
1998,UG,22551789.0
1999,UG,23272995.0
2000,UG,24039274.0
2001,UG,24854892.0
2002,UG,25718048.0
2003,UG,26624820.0
2004,UG,27568436.0
2005,UG,28543940.0
2006,UG,29550662.0
2007,UG,30590487.0
2008,UG,31663896.0
2009,UG,32771895.0
2010,UG,33915133.0
2011,UG,35093648.0
2012,UG,36306796.0
2013,UG,37553726.0
2014,UG,38833338.0
2015,UG,40144870.0
2016,UG,41487965.0
1988,US,244499000.0
1989,US,246819000.0
1990,US,249623000.0
1991,US,252981000.0
1992,US,256514000.0
1993,US,259919000.0
1994,US,263126000.0
1995,US,266278000.0
1996,US,269394000.0
1997,US,272657000.0
1998,US,275854000.0
1999,US,279040000.0
2000,US,282162411.0
2001,US,284968955.0
2002,US,287625193.0
2003,US,290107933.0
2004,US,292805298.0
2005,US,295516599.0
2006,US,298379912.0
2007,US,301231207.0
2008,US,304093966.0
2009,US,306771529.0
2010,US,309348193.0
2011,US,311663358.0
2012,US,313998379.0
2013,US,316204908.0
2014,US,318563456.0
2015,US,320896618.0
2016,US,323127513.0
1993,UY,3178155.0
1994,UY,3201607.0
1995,UY,3224804.0
1996,UY,3248035.0
1997,UY,3271010.0
1998,UY,3292138.0
1999,UY,3309318.0
2000,UY,3321245.0
2001,UY,3327103.0
2002,UY,3327773.0
2003,UY,3325637.0
2004,UY,3324096.0
2005,UY,3325612.0
2006,UY,3331043.0
2007,UY,3339741.0
2008,UY,3350824.0
2009,UY,3362755.0
2010,UY,3374415.0
2011,UY,3385624.0
2012,UY,3396777.0
2013,UY,3408005.0
2014,UY,3419546.0
2015,UY,3431552.0
2016,UY,3444006.0
1993,UZ,21942000.0
1994,UZ,22377000.0
1995,UZ,22785000.0
1996,UZ,23225000.0
1997,UZ,23667000.0
1998,UZ,24051000.0
1999,UZ,24311650.0
2000,UZ,24650400.0
2001,UZ,24964450.0
2002,UZ,25271850.0
2003,UZ,25567650.0
2004,UZ,25864350.0
2005,UZ,26167000.0
2006,UZ,26488250.0
2007,UZ,26868000.0
2008,UZ,27302800.0
2009,UZ,27767400.0
2010,UZ,28562400.0
2011,UZ,29339400.0
2012,UZ,29774500.0
2013,UZ,30243200.0
2014,UZ,30757700.0
2015,UZ,31298900.0
2016,UZ,31848200.0
2009,VC,109253.0
2011,VC,109341.0
1985,VE,17508059.0
1986,VE,17968552.0
1987,VE,18437794.0
1990,VE,19861956.0
1991,VE,20332079.0
1992,VE,20799075.0
1993,VE,21263443.0
1994,VE,21726352.0
1995,VE,22188667.0
1996,VE,22650102.0
1997,VE,23110178.0
1998,VE,23569454.0
1999,VE,24028689.0
2000,VE,24488340.0
2001,VE,24948476.0
2002,VE,25408700.0
2003,VE,25868523.0
2004,VE,26327225.0
2005,VE,26784161.0
2006,VE,27239168.0
2007,VE,27691965.0
2008,VE,28141701.0
2009,VE,28587323.0
2010,VE,29028033.0
2011,VE,29463291.0
2012,VE,29893080.0
2013,VE,30317848.0
2014,VE,30738378.0
2015,VE,31155134.0
2016,VE,31568179.0
2009,VG,26447.0
2010,VG,27224.0
2011,VG,27901.0
2012,VG,28509.0
2013,VG,29056.0
1985,VN,58868000.0
1986,VN,60249000.0
1987,VN,61750000.0
1988,VN,63263000.0
1989,VN,64774000.0
1990,VN,66016700.0
1991,VN,67242400.0
1992,VN,68450100.0
1993,VN,69644500.0
1994,VN,70824500.0
1995,VN,71995500.0
1996,VN,73156700.0
1997,VN,74306900.0
1998,VN,75456300.0
1999,VN,76596700.0
2000,VN,77630900.0
2001,VN,78620500.0
2002,VN,79537700.0
2003,VN,80467400.0
2004,VN,81436400.0
2005,VN,82392100.0
2006,VN,83311200.0
2007,VN,84218500.0
2008,VN,85118700.0
2009,VN,86025000.0
2010,VN,86932500.0
2011,VN,87860300.0
2007,VU,219953.0
2008,VU,225340.0
2009,VU,230785.0
2010,VU,236295.0
2011,VU,241871.0
2012,VU,247485.0
2013,VU,253142.0
2014,VU,258850.0
2015,VU,264603.0
2015,WS,193759.0
1985,YE,9847899.0
1986,YE,10232733.0
1987,YE,10628585.0
1988,YE,11051504.0
1989,YE,11523267.0
1990,YE,12057039.0
1991,YE,12661614.0
1992,YE,13325583.0
1993,YE,14017239.0
1994,YE,14692686.0
1995,YE,15320653.0
1996,YE,15889449.0
1997,YE,16408954.0
1998,YE,16896210.0
1999,YE,17378098.0
2000,YE,17874725.0
2001,YE,18390135.0
2002,YE,18919179.0
2003,YE,19462086.0
2004,YE,20017068.0
2005,YE,20582927.0
2006,YE,21160534.0
2007,YE,21751605.0
2008,YE,22356391.0
2009,YE,22974929.0
2010,YE,23606779.0
2011,YE,24252206.0
2012,YE,24909969.0
2013,YE,25576322.0
2014,YE,26246327.0
2015,YE,26916207.0
2016,YE,27584213.0
1993,ZA,39619539.0
1994,ZA,40558495.0
1995,ZA,41426810.0
1996,ZA,42210216.0
1997,ZA,42921506.0
1998,ZA,43584030.0
1999,ZA,44233730.0
2000,ZA,44896856.0
2001,ZA,45312937.0
2002,ZA,45855482.8828724
2003,ZA,46418193.898926705
2004,ZA,47001700.9913724
2005,ZA,47606670.2439658
2006,ZA,48233804.4849866
2007,ZA,48883844.9909288
2008,ZA,49557573.2955342
2009,ZA,50255813.1102008
2010,ZA,50979432.3622277
2011,ZA,51729345.3578159
2012,ZA,52506515.0772335
2013,ZA,53311955.6100823
2014,ZA,54146734.739162
2015,ZA,55011976.6820294
2016,ZA,55908865.0
1985,ZM,6955212.0
1986,ZM,7170656.0
1987,ZM,7385686.0
1988,ZM,7600072.0
1989,ZM,7813808.0
1990,ZM,8027253.0
1991,ZM,8239732.0
1992,ZM,8452275.0
1993,ZM,8669168.0
1994,ZM,8896109.0
1995,ZM,9137077.0
1996,ZM,9394304.0
1997,ZM,9666578.0
1998,ZM,9950224.0
1999,ZM,10239714.0
2000,ZM,10531221.0
2001,ZM,10824125.0
2002,ZM,11120409.0
2003,ZM,11421984.0
2004,ZM,11731746.0
2005,ZM,12052156.0
2006,ZM,12383446.0
2007,ZM,12725974.0
2008,ZM,13082517.0
2009,ZM,13456417.0
2010,ZM,13850033.0
2011,ZM,14264756.0
2012,ZM,14699937.0
2013,ZM,15153210.0
2014,ZM,15620974.0
2015,ZM,16100587.0
2016,ZM,16591390.0
1985,ZW,8658857.0
1986,ZW,8976205.0
1987,ZW,9293283.0
1988,ZW,9604302.0
1989,ZW,9902540.0
1990,ZW,10183113.0
1991,ZW,10443043.0
1992,ZW,10682868.0
1993,ZW,10905756.0
1994,ZW,11116948.0
1995,ZW,11320346.0
1996,ZW,11518262.0
1997,ZW,11709997.0
1998,ZW,11893272.0
1999,ZW,12064537.0
2000,ZW,12222251.0
2001,ZW,12366165.0
2002,ZW,12500525.0
2003,ZW,12633897.0
2004,ZW,12777511.0
2005,ZW,12940032.0
2006,ZW,13124267.0
2007,ZW,13329909.0
2008,ZW,13558469.0
2009,ZW,13810599.0
2010,ZW,14086317.0
2011,ZW,14386649.0
2012,ZW,14710826.0
2013,ZW,15054506.0
2014,ZW,15411675.0
2015,ZW,15777451.0
2016,ZW,16150362.0
