year,country,value
1985,AE,6350.0
1985,AF,-4654343.0
1985,AL,-3067.0
1985,AM,-333.0
1985,AO,-226502.0
1985,AR,1199.0
1985,BE,1.0
1985,BF,-90.0
1985,BG,-190.0
1985,BH,300.0
1985,BI,70178.0
1985,BJ,3600.0
1985,BO,169.0
1985,BR,85.0
1985,BW,4930.0
1985,BZ,9000.0
1985,CD,-6.0
1985,CF,73200.0
1985,CG,209692.0
1985,CI,650.0
1985,CL,-2221.0
1985,CM,35100.0
1985,CN,288546.0
1985,CO,110.0
1985,CR,21500.0
1985,CU,-1076.0
1985,CZ,-1461.0
1985,DJ,17280.0
1985,DO,5999.0
1985,DZ,165097.0
1985,EC,880.0
1985,EG,633.0
1985,EH,-165000.0
1985,ER,-1385.0
1985,ES,-62.0
1985,ET,-1685629.0
1985,GH,-3195.0
1985,GQ,-1.0
1985,GR,3880.0
1985,GT,-40890.0
1985,GW,-5352.0
1985,HN,60000.0
1985,HT,-6100.0
1985,HU,-435.0
1985,ID,-3640.0
1985,IN,8130.0
1985,IQ,-318393.0
1985,IR,2208955.0
1985,IT,22439.0
1985,JO,297.0
1985,JP,4707.0
1985,KE,8640.0
1985,KH,-67518.0
1985,KW,2880.0
1985,LA,-99539.0
1985,LB,-32750.0
1985,LK,-160.0
1985,LS,11500.0
1985,LT,-1.0
1985,LY,-327.0
1985,MA,59.0
1985,MR,-1.0
1985,MW,-450.0
1985,MX,165000.0
1985,MY,105310.0
1985,MZ,-71520.0
1985,NG,5779.0
1985,NI,-34760.0
1985,PA,900.0
1985,PE,450.0
1985,PG,11820.0
1985,PH,-73010.0
1985,PK,2734789.0
1985,PL,-1855.0
1985,QA,200.0
1985,RO,-3731.0
1985,RS,3489.0
1985,RU,-11582.0
1985,RW,-330341.0
1985,SA,130000.0
1985,SC,-2.0
1985,SD,1169915.0
1985,SL,160.0
1985,SN,5350.0
1985,SO,810170.0
1985,SV,-181014.0
1985,SY,36731.0
1985,SZ,10400.0
1985,TD,-301608.0
1985,TG,2495.0
1985,TH,132765.0
1985,TN,-6.0
1985,TR,520.0
1985,TZ,215589.0
1985,UG,-211570.0
1985,UY,-1837.0
1985,VE,1940.0
1985,VN,-303027.0
1985,XK,3489.0
1985,YE,5199.0
1985,ZA,-38110.0
1985,ZM,104060.0
1985,ZW,58500.0
1986,AF,-5095453.0
1986,AL,-90.0
1986,AM,-528.0
1986,AO,-263542.0
1986,AR,1638.0
1986,BF,20.0
1986,BG,-160.0
1986,BI,57129.0
1986,BJ,3620.0
1986,BO,119.0
1986,BR,157.0
1986,BW,5110.0
1986,BZ,9000.0
1986,CD,1574.0
1986,CF,27890.0
1986,CG,202261.0
1986,CI,720.0
1986,CL,-2504.0
1986,CM,54530.0
1986,CN,289636.0
1986,CO,0.0
1986,CR,28400.0
1986,CU,-686.0
1986,CZ,-411.0
1986,DJ,17150.0
1986,DO,5999.0
1986,DZ,165079.0
1986,EC,520.0
1986,EG,842.0
1986,EH,-165000.0
1986,ER,-177.0
1986,ES,-1.0
1986,ET,-1616408.0
1986,GH,-2769.0
1986,GN,-50.0
1986,GR,2980.0
1986,GT,-40800.0
1986,GW,-5354.0
1986,HN,67899.0
1986,HT,-6140.0
1986,HU,-381.0
1986,ID,-8450.0
1986,IN,7800.0
1986,IQ,-319745.0
1986,IR,2501799.0
1986,IT,21533.0
1986,JO,-3.0
1986,JP,5016.0
1986,KE,9320.0
1986,KH,-54848.0
1986,LA,-94084.0
1986,LB,1790.0
1986,LK,-315.0
1986,LR,70.0
1986,LS,11450.0
1986,LY,-304.0
1986,MA,-1.0
1986,ML,50.0
1986,MR,-1.0
1986,MW,99560.0
1986,MX,165100.0
1986,MY,99000.0
1986,MZ,-192940.0
1986,NG,4748.0
1986,NI,-59000.0
1986,PA,1020.0
1986,PE,430.0
1986,PG,12420.0
1986,PH,-76170.0
1986,PK,2882099.0
1986,PL,-1102.0
1986,RO,-1024.0
1986,RS,-72.0
1986,RU,-10226.0
1986,RW,-352511.0
1986,SA,152100.0
1986,SC,-2.0
1986,SD,1031241.0
1986,SG,60.0
1986,SL,170.0
1986,SN,5350.0
1986,SO,801288.0
1986,SV,-171744.0
1986,SY,96.0
1986,SZ,11800.0
1986,TD,-214228.0
1986,TG,2145.0
1986,TH,122690.0
1986,TN,-6.0
1986,TR,-852.0
1986,TZ,222500.0
1986,UG,-152762.0
1986,UY,-107.0
1986,VE,460.0
1986,VN,-299068.0
1986,XK,-72.0
1986,YE,4999.0
1986,ZA,-33220.0
1986,ZM,138630.0
1986,ZW,61270.0
1987,AF,-5511740.0
1987,AL,-189.0
1987,AM,-208.0
1987,AO,-300003.0
1987,AR,-47.0
1987,BD,-2.0
1987,BF,140.0
1987,BG,-138.0
1987,BH,2360.0
1987,BI,80569.0
1987,BJ,2920.0
1987,BO,-1.0
1987,BR,-1.0
1987,BW,4900.0
1987,BZ,10000.0
1987,CD,2040.0
1987,CF,11050.0
1987,CG,264382.0
1987,CI,689.0
1987,CL,-1966.0
1987,CM,59080.0
1987,CN,290106.0
1987,CO,200.0
1987,CR,29260.0
1987,CU,-836.0
1987,CZ,-385.0
1987,DJ,16730.0
1987,DO,7070.0
1987,DZ,164999.0
1987,EC,650.0
1987,EG,892.0
1987,EH,-165000.0
1987,ER,-167.0
1987,ES,-60.0
1987,ET,-1237183.0
1987,GH,-3866.0
1987,GN,-50.0
1987,GR,3880.0
1987,GT,-41840.0
1987,GW,-5002.0
1987,HN,75549.0
1987,HT,-7150.0
1987,HU,-329.0
1987,ID,-8560.0
1987,IN,6620.0
1987,IQ,-409818.0
1987,IR,2748858.0
1987,IT,20414.0
1987,JO,-4.0
1987,JP,5601.0
1987,KE,10410.0
1987,KH,-48589.0
1987,KR,60.0
1987,LA,-81454.0
1987,LK,-219.0
1987,LS,4000.0
1987,LY,-250.0
1987,MA,58.0
1987,ML,50.0
1987,MR,-1.0
1987,MW,443490.0
1987,MX,166090.0
1987,MY,99420.0
1987,MZ,-692050.0
1987,NG,6257.0
1987,NI,-66310.0
1987,PA,1300.0
1987,PE,480.0
1987,PG,10950.0
1987,PH,-86570.0
1987,PK,3158999.0
1987,PL,-1475.0
1987,RO,-2570.0
1987,RS,748.0
1987,RU,-8683.0
1987,RW,-333971.0
1987,SC,-2.0
1987,SD,649244.0
1987,SG,420.0
1987,SL,150.0
1987,SN,5000.0
1987,SO,810168.0
1987,SV,-173204.0
1987,SY,-20.0
1987,SZ,14500.0
1987,TD,-157068.0
1987,TG,3385.0
1987,TH,115130.0
1987,TN,-6.0
1987,TR,356.0
1987,TZ,262740.0
1987,UG,-106401.0
1987,UY,-39.0
1987,VE,530.0
1987,VN,-300217.0
1987,XK,748.0
1987,YE,2999.0
1987,ZA,-26151.0
1987,ZM,147310.0
1987,ZW,131630.0
1988,AF,-5623642.0
1988,AL,-358.0
1988,AM,-301.0
1988,AO,-318506.0
1988,AR,-46.0
1988,BD,-6.0
1988,BF,190.0
1988,BG,-898.0
1988,BH,50.0
1988,BI,24336.0
1988,BJ,1051.0
1988,BO,-2.0
1988,BR,-1.0
1988,BW,1714.0
1988,BZ,10000.0
1988,CD,2120.0
1988,CF,4044.0
1988,CG,237605.0
1988,CI,629.0
1988,CL,-608.0
1988,CM,53604.0
1988,CN,284035.0
1988,CO,235.0
1988,CR,39187.0
1988,CU,-3874.0
1988,CY,219.0
1988,CZ,-5649.0
1988,DJ,6502.0
1988,DO,5356.0
1988,DZ,164995.0
1988,EG,1234.0
1988,EH,-165000.0
1988,ER,-133.0
1988,ET,-840024.0
1988,GB,17235.0
1988,GD,-9.0
1988,GH,-4719.0
1988,GM,-1.0
1988,GN,-50.0
1988,GR,5034.0
1988,GT,-42600.0
1988,GW,-5001.0
1988,GY,-2.0
1988,HN,72253.0
1988,HT,-5369.0
1988,HU,-3887.0
1988,ID,-7317.0
1988,IL,-4.0
1988,IN,7723.0
1988,IQ,-552468.0
1988,IR,2834641.0
1988,IT,19257.0
1988,JO,-8.0
1988,JP,6110.0
1988,KE,13178.0
1988,KH,-97758.0
1988,KR,120.0
1988,LA,-136138.0
1988,LB,3931.0
1988,LK,-3490.0
1988,LR,-30.0
1988,LS,4230.0
1988,LY,-659.0
1988,MA,-3.0
1988,ML,50.0
1988,MM,-7.0
1988,MR,-2.0
1988,MT,-1.0
1988,MV,-1.0
1988,MW,632139.0
1988,MX,166758.0
1988,MY,104370.0
1988,MZ,-926188.0
1988,NG,5230.0
1988,NI,-88251.0
1988,PA,1624.0
1988,PE,-4.0
1988,PG,9691.0
1988,PH,-84969.0
1988,PK,3257652.0
1988,PL,-23266.0
1988,RO,-20947.0
1988,RS,601.0
1988,RU,-33636.0
1988,RW,-252342.0
1988,SC,-51.0
1988,SD,479870.0
1988,SG,312.0
1988,SL,52.0
1988,SN,4994.0
1988,SO,483857.0
1988,SV,-169273.0
1988,SY,-671.0
1988,SZ,29404.0
1988,TD,-135020.0
1988,TG,3333.0
1988,TH,107799.0
1988,TN,-7.0
1988,TR,4210.0
1988,TZ,264918.0
1988,UG,-4247.0
1988,US,376552.0
1988,UY,-32.0
1988,VN,-412939.0
1988,XK,601.0
1988,YE,1156.0
1988,ZA,-24958.0
1988,ZM,141917.0
1988,ZW,174216.0
1989,AF,-5644909.0
1989,AL,-367.0
1989,AM,-1.0
1989,AO,-402023.0
1989,AR,-103.0
1989,BD,-6.0
1989,BF,278.0
1989,BG,-869.0
1989,BH,70.0
1989,BI,75895.0
1989,BJ,1161.0
1989,BO,-28.0
1989,BR,-6.0
1989,BW,767.0
1989,BZ,4850.0
1989,CD,3371.0
1989,CF,2793.0
1989,CG,241270.0
1989,CH,1.0
1989,CI,299.0
1989,CL,-1201.0
1989,CM,50924.0
1989,CN,284761.0
1989,CO,204.0
1989,CR,46160.0
1989,CU,-3692.0
1989,CY,-11.0
1989,CZ,-5790.0
1989,DJ,31869.0
1989,DK,13271.0
1989,DO,3810.0
1989,DZ,242814.0
1989,EG,1362.0
1989,EH,-167190.0
1989,ER,-43.0
1989,ET,-771422.0
1989,FR,5.0
1989,GB,22046.0
1989,GD,-5.0
1989,GF,6601.0
1989,GH,-4666.0
1989,GM,-1.0
1989,GN,-50.0
1989,GR,7214.0
1989,GT,-41692.0
1989,GW,-5004.0
1989,GY,-2.0
1989,HN,62165.0
1989,HT,-3834.0
1989,HU,22641.0
1989,ID,-6862.0
1989,IL,-4.0
1989,IN,10761.0
1989,IQ,-508266.0
1989,IR,2796342.0
1989,IT,13881.0
1989,JO,115.0
1989,JP,6480.0
1989,KE,12752.0
1989,KH,-75725.0
1989,KM,-5.0
1989,KR,230.0
1989,KW,150.0
1989,LA,-135424.0
1989,LB,-2147.0
1989,LK,-7692.0
1989,LR,9.0
1989,LS,4244.0
1989,LY,-655.0
1989,MA,-6.0
1989,ML,50.0
1989,MM,-4.0
1989,MR,-33238.0
1989,MT,-1.0
1989,MV,-1.0
1989,MW,826019.0
1989,MX,47397.0
1989,MY,110493.0
1989,MZ,-1124778.0
1989,NG,4697.0
1989,NI,-93060.0
1989,NP,50.0
1989,PA,875.0
1989,PE,-28.0
1989,PG,7795.0
1989,PH,-80326.0
1989,PK,3275295.0
1989,PL,-23072.0
1989,RO,-45978.0
1989,RS,-98.0
1989,RU,-68496.0
1989,RW,-296131.0
1989,SC,-51.0
1989,SD,349220.0
1989,SG,477.0
1989,SL,-9.0
1989,SN,38231.0
1989,SO,414021.0
1989,SR,-6601.0
1989,SV,-42102.0
1989,SY,-397.0
1989,SZ,34869.0
1989,TD,-130784.0
1989,TG,3308.0
1989,TH,101462.0
1989,TN,-9.0
1989,TR,786.0
1989,TZ,264940.0
1989,UG,89486.0
1989,US,410496.0
1989,UY,-202.0
1989,VN,-434370.0
1989,XK,-98.0
1989,YE,3127.0
1989,ZA,-24237.0
1989,ZM,137869.0
1989,ZW,176117.0
1990,AF,-6360675.0
1990,AL,-2502.0
1990,AM,-1.0
1990,AO,-403203.0
1990,AR,-334.0
1990,BD,-477.0
1990,BF,248.0
1990,BG,-1922.0
1990,BH,91.0
1990,BI,76438.0
1990,BJ,742.0
1990,BO,-731.0
1990,BR,-14.0
1990,BW,1076.0
1990,BZ,5427.0
1990,CD,2498.0
1990,CF,5449.0
1990,CG,354627.0
1990,CI,272059.0
1990,CL,-14838.0
1990,CM,51806.0
1990,CN,298093.0
1990,CO,-324.0
1990,CR,46318.0
1990,CU,-13953.0
1990,CY,150.0
1990,CZ,-6123.0
1990,DJ,77601.0
1990,DK,14000.0
1990,DO,2085.0
1990,DZ,164981.0
1990,EC,587.0
1990,EG,1553.0
1990,EH,-165000.0
1990,ER,-43.0
1990,ET,-533713.0
1990,FJ,-1.0
1990,FR,1.0
1990,GA,417.0
1990,GB,23925.0
1990,GD,-4.0
1990,GF,6601.0
1990,GH,3288.0
1990,GM,66.0
1990,GN,324950.0
1990,GR,-16.0
1990,GT,-42534.0
1990,GW,-1999.0
1990,GY,-2.0
1990,HN,38172.0
1990,HT,-2242.0
1990,HU,24563.0
1990,ID,-4597.0
1990,IL,-16.0
1990,IN,214703.0
1990,IQ,-1133995.0
1990,IR,4098192.0
1990,IT,10797.0
1990,JO,90.0
1990,JP,6820.0
1990,KE,14319.0
1990,KH,-54364.0
1990,KM,-4.0
1990,KR,230.0
1990,KW,-44.0
1990,LA,-138737.0
1990,LB,-6243.0
1990,LK,-208271.0
1990,LR,-735689.0
1990,LS,208.0
1990,LT,-4.0
1990,LY,-581.0
1990,MA,-15.0
1990,ML,13249.0
1990,MM,-28.0
1990,MN,-1.0
1990,MR,-5999.0
1990,MT,-1.0
1990,MV,-1.0
1990,MW,927182.0
1990,MX,50515.0
1990,MY,15161.0
1990,MZ,-1248082.0
1990,NE,775.0
1990,NG,5185.0
1990,NI,-80684.0
1990,NP,1470.0
1990,PA,561.0
1990,PE,-256.0
1990,PG,8070.0
1990,PH,19870.0
1990,PK,3274579.0
1990,PL,-25632.0
1990,PY,-19.0
1990,RO,-51802.0
1990,RS,-735.0
1990,RU,-117736.0
1990,RW,-337415.0
1990,SC,-60.0
1990,SD,488612.0
1990,SE,99828.0
1990,SG,5.0
1990,SL,125821.0
1990,SN,-2010.0
1990,SO,-30364.0
1990,SR,-6620.0
1990,SV,-37595.0
1990,SY,1977.0
1990,SZ,42036.0
1990,TD,-190696.0
1990,TG,3391.0
1990,TH,101538.0
1990,TN,-42.0
1990,TR,-2928.0
1990,TT,-1.0
1990,TZ,264920.0
1990,UG,86538.0
1990,US,464194.0
1990,UY,-842.0
1990,VE,2180.0
1990,VN,-480972.0
1990,XK,-735.0
1990,YE,2930.0
1990,ZA,-14783.0
1990,ZM,137848.0
1990,ZW,190946.0
1991,AF,-6484571.0
1991,AL,-4420.0
1991,AM,-1.0
1991,AO,-403794.0
1991,AR,-198.0
1991,BD,39609.0
1991,BF,212.0
1991,BG,-2735.0
1991,BH,-52.0
1991,BI,39584.0
1991,BJ,740.0
1991,BO,-67.0
1991,BR,-11.0
1991,BT,-9504.0
1991,BW,1301.0
1991,BZ,11369.0
1991,CA,-4.0
1991,CD,3251.0
1991,CF,12734.0
1991,CG,451038.0
1991,CH,1.0
1991,CI,230077.0
1991,CL,-14237.0
1991,CM,50292.0
1991,CN,300156.0
1991,CO,-580.0
1991,CR,40022.0
1991,CU,-17695.0
1991,CY,59.0
1991,CZ,-4491.0
1991,DE,-4.0
1991,DJ,98964.0
1991,DK,15110.0
1991,DO,1958.0
1991,DZ,164945.0
1991,EC,263.0
1991,EE,-2.0
1991,EG,1858.0
1991,EH,-165000.0
1991,ER,-500633.0
1991,ES,1963.0
1991,ET,594539.0
1991,FJ,-1.0
1991,FR,14.0
1991,GA,220.0
1991,GB,24784.0
1991,GD,-4.0
1991,GF,6532.0
1991,GH,5329.0
1991,GM,213.0
1991,GN,547954.0
1991,GQ,-60.0
1991,GR,-6.0
1991,GT,-48887.0
1991,GW,-375.0
1991,GY,-1.0
1991,HN,3040.0
1991,HT,-2358.0
1991,HU,100047.0
1991,ID,-2239.0
1991,IL,-28.0
1991,IN,213623.0
1991,IQ,-2604105.0
1991,IR,5608109.0
1991,IT,9793.0
1991,JO,708.0
1991,JP,6397.0
1991,KE,119740.0
1991,KH,-43238.0
1991,KM,-2.0
1991,KR,157.0
1991,KW,19953.0
1991,LA,-125408.0
1991,LB,-7941.0
1991,LK,-209349.0
1991,LR,-773405.0
1991,LS,204.0
1991,LT,-4.0
1991,LY,-840.0
1991,MA,-44.0
1991,MG,-1.0
1991,ML,-1488.0
1991,MM,-40053.0
1991,MN,-1.0
1991,MR,-46081.0
1991,MT,-1.0
1991,MV,-1.0
1991,MW,981762.0
1991,MX,54670.0
1991,MY,12845.0
1991,MZ,-1316556.0
1991,NE,3543.0
1991,NG,3480.0
1991,NI,-45521.0
1991,NP,9519.0
1991,PA,720.0
1991,PE,-475.0
1991,PG,6629.0
1991,PH,8887.0
1991,PK,3274706.0
1991,PL,-21643.0
1991,PY,-8.0
1991,RO,-26797.0
1991,RS,-52663.0
1991,RU,-155576.0
1991,RW,-396654.0
1991,SA,35727.0
1991,SC,-69.0
1991,SD,262208.0
1991,SE,114547.0
1991,SG,1.0
1991,SL,-16794.0
1991,SN,48061.0
1991,SO,-733024.0
1991,SR,-6551.0
1991,SV,-35036.0
1991,SY,1113.0
1991,SZ,50103.0
1991,TD,-129689.0
1991,TG,3318.0
1991,TH,91034.0
1991,TN,-63.0
1991,TR,22960.0
1991,TT,-1.0
1991,TZ,293832.0
1991,UG,122530.0
1991,US,513130.0
1991,UY,-601.0
1991,VE,1729.0
1991,VN,-490683.0
1991,XK,-52663.0
1991,YE,29964.0
1991,ZA,-15916.0
1991,ZM,140075.0
1991,ZW,197332.0
1992,AF,-6069086.0
1992,AL,1175.0
1992,AM,104997.0
1992,AO,-374280.0
1992,AR,-113.0
1992,AT,85836.0
1992,AZ,-105000.0
1992,BA,-797081.0
1992,BD,199763.0
1992,BF,5529.0
1992,BG,-2611.0
1992,BH,-53.0
1992,BI,39520.0
1992,BJ,499.0
1992,BO,-28.0
1992,BR,-11.0
1992,BS,1354.0
1992,BT,-75442.0
1992,BW,1005.0
1992,BZ,12678.0
1992,CA,-4.0
1992,CD,3228.0
1992,CF,19620.0
1992,CG,409117.0
1992,CI,173815.0
1992,CL,-14330.0
1992,CM,45095.0
1992,CN,219697.0
1992,CO,-764.0
1992,CR,35713.0
1992,CU,-17638.0
1992,CZ,13673.0
1992,DE,-4.0
1992,DJ,31169.0
1992,DK,16666.0
1992,DO,2017.0
1992,DZ,214929.0
1992,EC,110.0
1992,EE,-59.0
1992,EG,5193.0
1992,EH,-165000.0
1992,ER,-573200.0
1992,ES,1730.0
1992,ET,106623.0
1992,FJ,-19.0
1992,FR,102.0
1992,GA,255.0
1992,GB,38975.0
1992,GD,-1.0
1992,GF,6242.0
1992,GH,7219.0
1992,GM,3586.0
1992,GN,561939.0
1992,GQ,-114.0
1992,GR,-1.0
1992,GT,-51043.0
1992,GW,7865.0
1992,GY,-2.0
1992,HN,1917.0
1992,HR,-364841.0
1992,HT,-7786.0
1992,HU,57437.0
1992,ID,-2295.0
1992,IL,-40.0
1992,IN,286809.0
1992,IQ,-1305025.0
1992,IR,4235865.0
1992,IT,9243.0
1992,JM,140.0
1992,JO,77.0
1992,JP,6669.0
1992,KE,400386.0
1992,KH,-37701.0
1992,KM,348.0
1992,KR,144.0
1992,KW,19805.0
1992,KZ,-1.0
1992,LA,-100815.0
1992,LB,-9347.0
1992,LK,-157217.0
1992,LR,-491885.0
1992,LS,103.0
1992,LT,-8.0
1992,LV,-4.0
1992,LY,-686.0
1992,MA,-91.0
1992,MG,-1.0
1992,ML,-58113.0
1992,MM,-253660.0
1992,MN,-1.0
1992,MR,-42584.0
1992,MT,-1.0
1992,MW,1058442.0
1992,MX,55993.0
1992,MY,12122.0
1992,MZ,-1445985.0
1992,NE,-18131.0
1992,NG,4476.0
1992,NI,-40027.0
1992,NL,23109.0
1992,NP,77910.0
1992,PA,107.0
1992,PE,-727.0
1992,PG,6679.0
1992,PH,6805.0
1992,PK,2987938.0
1992,PL,-2518.0
1992,PY,-9.0
1992,RO,-24368.0
1992,RS,422849.0
1992,RU,-213802.0
1992,RW,-400043.0
1992,SA,28204.0
1992,SC,-61.0
1992,SD,532203.0
1992,SE,121013.0
1992,SG,-1.0
1992,SI,113760.0
1992,SL,-260612.0
1992,SN,55873.0
1992,SO,-801558.0
1992,SR,-7073.0
1992,SV,-33479.0
1992,SY,1732.0
1992,SZ,55485.0
1992,TD,-76121.0
1992,TG,3159.0
1992,TH,74078.0
1992,TJ,-57008.0
1992,TN,-86.0
1992,TR,35532.0
1992,TT,-1.0
1992,TZ,299266.0
1992,UA,-38.0
1992,UG,173122.0
1992,US,579162.0
1992,UY,-429.0
1992,VE,2096.0
1992,VN,-516723.0
1992,XK,422849.0
1992,YE,59909.0
1992,ZA,-11416.0
1992,ZM,140574.0
1992,ZW,237694.0
1993,AE,427.0
1993,AF,-3344324.0
1993,AL,1248.0
1993,AM,133884.0
1993,AO,-314124.0
1993,AR,541.0
1993,AT,79461.0
1993,AU,200.0
1993,AZ,-128005.0
1993,BA,-819329.0
1993,BD,187926.0
1993,BF,6539.0
1993,BG,-2645.0
1993,BH,-60.0
1993,BI,-605735.0
1993,BJ,156562.0
1993,BO,390.0
1993,BR,1578.0
1993,BS,422.0
1993,BT,-85336.0
1993,BW,589.0
1993,BY,-2.0
1993,BZ,8975.0
1993,CA,71.0
1993,CD,13216.0
1993,CF,44154.0
1993,CG,507321.0
1993,CH,28973.0
1993,CI,260895.0
1993,CL,-16800.0
1993,CM,43690.0
1993,CN,190337.0
1993,CO,-742.0
1993,CR,24669.0
1993,CU,-20295.0
1993,CY,82.0
1993,CZ,-4947.0
1993,DE,-8.0
1993,DJ,34276.0
1993,DK,22372.0
1993,DO,1326.0
1993,DZ,214913.0
1993,EC,353.0
1993,EE,-95.0
1993,EG,6282.0
1993,EH,-165000.0
1993,ER,-427210.0
1993,ES,2817.0
1993,ET,-35824.0
1993,FJ,-89.0
1993,FR,99.0
1993,GA,7.0
1993,GB,48804.0
1993,GE,-6012.0
1993,GF,6.0
1993,GH,145607.0
1993,GM,2164.0
1993,GN,586960.0
1993,GQ,-221.0
1993,GR,7794.0
1993,GT,-50626.0
1993,GW,16822.0
1993,GY,-4.0
1993,HN,-383.0
1993,HR,-12521.0
1993,HT,-5824.0
1993,HU,-1340.0
1993,ID,-4333.0
1993,IE,2.0
1993,IL,-118.0
1993,IN,263275.0
1993,IQ,-724531.0
1993,IR,2379405.0
1993,IT,18278.0
1993,JM,61.0
1993,JO,225.0
1993,JP,6708.0
1993,KE,391781.0
1993,KG,21241.0
1993,KH,-14965.0
1993,KM,-2.0
1993,KR,-7.0
1993,KW,21911.0
1993,KZ,4998.0
1993,LA,-78706.0
1993,LB,-9478.0
1993,LK,-91886.0
1993,LR,-570194.0
1993,LS,-23.0
1993,LT,-11.0
1993,LV,-4.0
1993,LY,584.0
1993,MA,-104.0
1993,MD,-6.0
1993,MG,-1.0
1993,MK,27660.0
1993,ML,-98573.0
1993,MM,-327704.0
1993,MN,-1.0
1993,MR,-17344.0
1993,MT,855.0
1993,MW,1058639.0
1993,MX,57776.0
1993,MY,1580.0
1993,MZ,-1566774.0
1993,NE,-5615.0
1993,NG,4744.0
1993,NI,-27577.0
1993,NL,41330.0
1993,NO,1.0
1993,NP,85349.0
1993,NZ,8.0
1993,PA,69.0
1993,PE,-1075.0
1993,PG,7902.0
1993,PH,2267.0
1993,PK,1477804.0
1993,PL,-12663.0
1993,PY,33.0
1993,RO,-22488.0
1993,RS,320830.0
1993,RU,-243193.0
1993,RW,-200769.0
1993,SA,24018.0
1993,SC,-28.0
1993,SD,362983.0
1993,SE,155339.0
1993,SG,26.0
1993,SI,-11858.0
1993,SK,2858.0
1993,SL,-297792.0
1993,SN,50310.0
1993,SO,-640832.0
1993,SR,-841.0
1993,SV,-26596.0
1993,SY,33086.0
1993,SZ,54214.0
1993,TD,-219202.0
1993,TG,-288162.0
1993,TH,131805.0
1993,TJ,-69808.0
1993,TM,15400.0
1993,TN,-108.0
1993,TR,6335.0
1993,TT,-1.0
1993,TZ,595913.0
1993,UA,-134.0
1993,UG,249239.0
1993,US,622469.0
1993,UY,1.0
1993,UZ,7998.0
1993,VE,2478.0
1993,VN,-541765.0
1993,XK,320830.0
1993,YE,54411.0
1993,ZA,240483.0
1993,ZM,143985.0
1993,ZW,109781.0
1994,AD,-2.0
1994,AE,474.0
1994,AF,-3023051.0
1994,AL,973.0
1994,AM,132197.0
1994,AO,-271434.0
1994,AR,985.0
1994,AT,-26.0
1994,AU,71.0
1994,AZ,-97485.0
1994,BA,-874389.0
1994,BB,-4.0
1994,BD,145334.0
1994,BE,10.0
1994,BF,49438.0
1994,BG,-3484.0
1994,BH,-75.0
1994,BI,-22403.0
1994,BJ,163029.0
1994,BO,319.0
1994,BR,1741.0
1994,BT,-103272.0
1994,BW,-21.0
1994,BY,1776.0
1994,BZ,8840.0
1994,CA,184893.0
1994,CD,15459.0
1994,CF,47620.0
1994,CG,2105533.0
1994,CH,30097.0
1994,CI,363038.0
1994,CL,-17187.0
1994,CM,43251.0
1994,CN,180942.0
1994,CO,-1050.0
1994,CR,23933.0
1994,CU,-20577.0
1994,CY,62.0
1994,CZ,-4381.0
1994,DE,349551.0
1994,DJ,25464.0
1994,DK,27751.0
1994,DO,1943.0
1994,DZ,194257.0
1994,EC,135.0
1994,EE,-297.0
1994,EG,6605.0
1994,EH,-166493.0
1994,ER,-430500.0
1994,ES,3238.0
1994,ET,81863.0
1994,FJ,-156.0
1994,FR,50247.0
1994,GA,416.0
1994,GB,52805.0
1994,GD,-3.0
1994,GE,-6118.0
1994,GF,6.0
1994,GH,134063.0
1994,GM,1976.0
1994,GN,554056.0
1994,GQ,-342.0
1994,GR,7626.0
1994,GT,-51109.0
1994,GW,18894.0
1994,GY,-71.0
1994,HN,-1133.0
1994,HR,35220.0
1994,HT,-11074.0
1994,HU,-664.0
1994,ID,-6787.0
1994,IE,372.0
1994,IL,-887.0
1994,IN,263229.0
1994,IQ,-696379.0
1994,IR,2343928.0
1994,IT,17039.0
1994,JM,64.0
1994,JO,140.0
1994,JP,6482.0
1994,KE,316449.0
1994,KG,21225.0
1994,KH,-8568.0
1994,KM,-5.0
1994,KP,-3.0
1994,KR,-17.0
1994,KW,21344.0
1994,KZ,5001.0
1994,LA,-60486.0
1994,LB,-14313.0
1994,LK,-122614.0
1994,LR,-683031.0
1994,LS,59.0
1994,LT,-63.0
1994,LV,-93.0
1994,LY,1496.0
1994,MA,-180.0
1994,MD,-458.0
1994,MG,62.0
1994,MK,14449.0
1994,ML,-172905.0
1994,MM,-289810.0
1994,MN,-4.0
1994,MR,14186.0
1994,MT,481.0
1994,MU,-1.0
1994,MW,713339.0
1994,MX,53527.0
1994,MY,6492.0
1994,MZ,-1007942.0
1994,NE,-7004.0
1994,NG,5610.0
1994,NI,-28213.0
1994,NL,60441.0
1994,NO,-2.0
1994,NP,103267.0
1994,OM,-3.0
1994,PA,441.0
1994,PE,-3380.0
1994,PG,8647.0
1994,PH,1000.0
1994,PK,1153725.0
1994,PL,-35938.0
1994,PR,-12.0
1994,PT,-25.0
1994,PY,-16.0
1994,QA,-49.0
1994,RO,-21197.0
1994,RS,130262.0
1994,RU,-251319.0
1994,RW,-3459578.0
1994,SA,17782.0
1994,SC,-553.0
1994,SD,344561.0
1994,SE,210734.0
1994,SG,3.0
1994,SI,-468.0
1994,SK,-12.0
1994,SL,-259241.0
1994,SN,47347.0
1994,SO,-692211.0
1994,SR,-865.0
1994,SV,-31000.0
1994,SY,32965.0
1994,SZ,12231.0
1994,TD,-212246.0
1994,TG,-281837.0
1994,TH,108194.0
1994,TJ,-74774.0
1994,TM,15393.0
1994,TN,-195.0
1994,TR,-2928.0
1994,TT,-13.0
1994,TZ,1378221.0
1994,UA,4130.0
1994,UG,458333.0
1994,US,630252.0
1994,UY,-231.0
1994,UZ,-21059.0
1994,VC,-7.0
1994,VE,1883.0
1994,VN,-546962.0
1994,WS,-1.0
1994,XK,130262.0
1994,YE,48218.0
1994,ZA,110950.0
1994,ZM,136414.0
1994,ZW,104921.0
1995,AD,-2.0
1995,AE,404.0
1995,AF,-3006544.0
1995,AL,2934.0
1995,AM,42057.0
1995,AO,-247976.0
1995,AR,-33.0
1995,AT,-49.0
1995,AU,50.0
1995,AZ,-39520.0
1995,BA,-855328.0
1995,BB,-3.0
1995,BD,55665.0
1995,BE,10.0
1995,BF,4338.0
1995,BG,-2649.0
1995,BH,-71.0
1995,BI,-142147.0
1995,BJ,70457.0
1995,BO,502.0
1995,BR,1924.0
1995,BS,8.0
1995,BT,-104750.0
1995,BW,232.0
1995,BY,-84.0
1995,BZ,8700.0
1995,CA,151506.0
1995,CD,19256.0
1995,CF,43802.0
1995,CG,1443762.0
1995,CH,17254.0
1995,CI,297859.0
1995,CL,-14635.0
1995,CM,43695.0
1995,CN,186632.0
1995,CO,-1698.0
1995,CR,23549.0
1995,CU,-24427.0
1995,CY,46.0
1995,CZ,-2039.0
1995,DE,319687.0
1995,DJ,33151.0
1995,DK,49188.0
1995,DO,1499.0
1995,DZ,213031.0
1995,EC,-11.0
1995,EE,-351.0
1995,EG,4372.0
1995,EH,-165000.0
1995,ER,-307117.0
1995,ES,3650.0
1995,ET,257440.0
1995,FI,-1.0
1995,FJ,-213.0
1995,FR,133357.0
1995,GA,735.0
1995,GB,57368.0
1995,GD,-6.0
1995,GE,-4808.0
1995,GF,-5.0
1995,GH,101805.0
1995,GM,6438.0
1995,GN,678342.0
1995,GQ,-343.0
1995,GR,3982.0
1995,GT,-50931.0
1995,GW,14520.0
1995,GY,-62.0
1995,HN,-1175.0
1995,HR,-274590.0
1995,HT,-14575.0
1995,HU,14762.0
1995,ID,-7598.0
1995,IE,-2.0
1995,IL,-938.0
1995,IN,233135.0
1995,IQ,-682580.0
1995,IR,2123890.0
1995,IS,186.0
1995,IT,102016.0
1995,JM,48.0
1995,JO,215.0
1995,JP,5791.0
1995,KE,269821.0
1995,KG,13385.0
1995,KH,-61363.0
1995,KM,-10.0
1995,KP,-7.0
1995,KR,-25.0
1995,KW,1257.0
1995,KZ,15361.0
1995,LA,-60719.0
1995,LB,-11705.0
1995,LC,-2.0
1995,LK,-117789.0
1995,LR,-634129.0
1995,LS,-1.0
1995,LT,-109.0
1995,LV,-160.0
1995,LY,3854.0
1995,MA,-247.0
1995,MD,-529.0
1995,MG,-79.0
1995,MK,-3345.0
1995,ML,-92263.0
1995,MM,-218302.0
1995,MN,-4.0
1995,MQ,-1.0
1995,MR,-46176.0
1995,MT,483.0
1995,MU,-13.0
1995,MW,926.0
1995,MX,47694.0
1995,MY,6623.0
1995,MZ,-171847.0
1995,NE,17955.0
1995,NG,6202.0
1995,NI,-23351.0
1995,NL,79181.0
1995,NO,3.0
1995,NP,104722.0
1995,NZ,3334.0
1995,OM,-10.0
1995,PA,-135.0
1995,PE,-5302.0
1995,PG,7601.0
1995,PH,356.0
1995,PK,1350471.0
1995,PL,-19732.0
1995,PR,-12.0
1995,PT,-25.0
1995,PY,2.0
1995,QA,-30.0
1995,RO,-16787.0
1995,RS,244410.0
1995,RU,-206931.0
1995,RW,-2048922.0
1995,SA,13429.0
1995,SB,1966.0
1995,SC,-339.0
1995,SD,-81341.0
1995,SE,210361.0
1995,SG,104.0
1995,SI,-6864.0
1995,SK,328.0
1995,SL,-372256.0
1995,SN,51235.0
1995,SO,-681185.0
1995,SR,-817.0
1995,SV,-23548.0
1995,SY,27916.0
1995,SZ,712.0
1995,TD,-70009.0
1995,TG,-161122.0
1995,TH,113964.0
1995,TJ,-59624.0
1995,TM,23272.0
1995,TN,-172.0
1995,TR,-32113.0
1995,TT,-14.0
1995,TV,-3.0
1995,TZ,843810.0
1995,UA,-1697.0
1995,UG,300370.0
1995,US,585582.0
1995,UY,-128.0
1995,UZ,2543.0
1995,VC,-7.0
1995,VE,1157.0
1995,VN,-515467.0
1995,XK,244410.0
1995,YE,55580.0
1995,ZA,117722.0
1995,ZM,129799.0
1995,ZW,26134.0
1996,AD,-3.0
1996,AE,450.0
1996,AF,-2812804.0
1996,AL,2962.0
1996,AM,-3245.0
1996,AO,-240267.0
1996,AR,-129.0
1996,AT,78079.0
1996,AU,82043.0
1996,AZ,-2405.0
1996,BA,-1314148.0
1996,BB,-2.0
1996,BD,-4222.0
1996,BE,30928.0
1996,BF,-72.0
1996,BG,-1632.0
1996,BH,-63.0
1996,BI,-387788.0
1996,BJ,21688.0
1996,BO,529.0
1996,BR,1878.0
1996,BS,48.0
1996,BT,-106822.0
1996,BW,208.0
1996,BY,-500.0
1996,BZ,8546.0
1996,CA,126557.0
1996,CD,19979.0
1996,CF,37509.0
1996,CG,1397897.0
1996,CH,20477.0
1996,CI,327496.0
1996,CL,-12477.0
1996,CM,44906.0
1996,CN,200907.0
1996,CO,-1972.0
1996,CR,23677.0
1996,CU,-23829.0
1996,CY,61.0
1996,CZ,1112.0
1996,DE,359580.0
1996,DJ,11181.0
1996,DK,54749.0
1996,DM,-1.0
1996,DO,971.0
1996,DZ,190129.0
1996,EC,-28.0
1996,EE,-1316.0
1996,EG,5101.0
1996,EH,-166328.0
1996,ER,-331475.0
1996,ES,3306.0
1996,ET,266170.0
1996,FI,51.0
1996,FJ,-296.0
1996,FR,129726.0
1996,GA,747.0
1996,GB,63912.0
1996,GD,-11.0
1996,GE,-48489.0
1996,GF,-5.0
1996,GH,71507.0
1996,GM,6917.0
1996,GN,663331.0
1996,GQ,-398.0
1996,GR,5241.0
1996,GT,-43183.0
1996,GW,14550.0
1996,GY,-55.0
1996,HN,-1288.0
1996,HR,-412908.0
1996,HT,-15490.0
1996,HU,14184.0
1996,ID,-6472.0
1996,IE,84.0
1996,IL,-1131.0
1996,IN,227754.0
1996,IQ,-742435.0
1996,IR,1981992.0
1996,IS,242.0
1996,IT,86873.0
1996,JM,7.0
1996,JO,396.0
1996,JP,5289.0
1996,KE,216317.0
1996,KG,-411.0
1996,KH,-62594.0
1996,KM,-13.0
1996,KP,-11.0
1996,KR,-34.0
1996,KW,1506.0
1996,KZ,-24663.0
1996,LA,-47154.0
1996,LB,-8558.0
1996,LC,-2.0
1996,LK,-109608.0
1996,LR,-664678.0
1996,LS,-2.0
1996,LT,-662.0
1996,LV,-1958.0
1996,LY,5760.0
1996,MA,-243.0
1996,MC,-1.0
1996,MD,-5831.0
1996,MG,-79.0
1996,MK,-8063.0
1996,ML,-58811.0
1996,MM,-166114.0
1996,MN,-7.0
1996,MQ,-1.0
1996,MR,-50296.0
1996,MT,467.0
1996,MU,-13.0
1996,MV,-1.0
1996,MW,1229.0
1996,MX,39281.0
1996,MY,5377.0
1996,MZ,-36028.0
1996,NE,17393.0
1996,NG,3574.0
1996,NI,-23260.0
1996,NL,102718.0
1996,NO,843.0
1996,NP,106766.0
1996,NZ,3427.0
1996,OM,-10.0
1996,PA,490.0
1996,PE,-5987.0
1996,PG,8193.0
1996,PH,952.0
1996,PK,1335565.0
1996,PL,-12870.0
1996,PR,-12.0
1996,PT,-20.0
1996,PY,9.0
1996,QA,-18.0
1996,RO,-11638.0
1996,RS,445837.0
1996,RU,72999.0
1996,RW,-1854755.0
1996,SA,9650.0
1996,SB,1966.0
1996,SC,-138.0
1996,SD,-69268.0
1996,SE,202282.0
1996,SG,93.0
1996,SI,3475.0
1996,SK,421.0
1996,SL,-362076.0
1996,SN,49230.0
1996,SO,-638048.0
1996,SR,-754.0
1996,SV,-20718.0
1996,SY,19186.0
1996,SZ,731.0
1996,TD,-60633.0
1996,TG,-79303.0
1996,TH,112356.0
1996,TJ,-113044.0
1996,TM,19738.0
1996,TN,-217.0
1996,TO,-3.0
1996,TR,-40865.0
1996,TT,-16.0
1996,TV,-3.0
1996,TZ,1008679.0
1996,UA,-2548.0
1996,UG,235867.0
1996,US,537725.0
1996,UY,-54.0
1996,UZ,-66793.0
1996,VC,-13.0
1996,VE,1049.0
1996,VN,-509300.0
1996,XK,445837.0
1996,YE,46536.0
1996,ZA,15861.0
1996,ZM,127672.0
1996,ZW,630.0
1997,AD,-1.0
1997,AE,466.0
1997,AF,-2752915.0
1997,AG,-1.0
1997,AL,-5329.0
1997,AM,-3690.0
1997,AO,-312338.0
1997,AR,-159.0
1997,AT,73830.0
1997,AU,81149.0
1997,AZ,-1236.0
1997,BA,-1165853.0
1997,BB,-3.0
1997,BD,-29237.0
1997,BE,30843.0
1997,BF,18180.0
1997,BG,-2686.0
1997,BH,-82.0
1997,BI,-584361.0
1997,BJ,6411.0
1997,BO,172.0
1997,BR,2080.0
1997,BS,60.0
1997,BT,-108703.0
1997,BW,267.0
1997,BY,-253.0
1997,BZ,8349.0
1997,CA,115111.0
1997,CD,-10871.0
1997,CF,42020.0
1997,CG,321937.0
1997,CH,57789.0
1997,CI,208726.0
1997,CL,-9505.0
1997,CM,44901.0
1997,CN,191013.0
1997,CO,-2148.0
1997,CR,22443.0
1997,CU,-23632.0
1997,CY,39.0
1997,CZ,1132.0
1997,DE,340487.0
1997,DJ,15671.0
1997,DK,57065.0
1997,DM,-1.0
1997,DO,591.0
1997,DZ,169721.0
1997,EC,12.0
1997,EE,-1266.0
1997,EG,4463.0
1997,EH,-166099.0
1997,ER,-320571.0
1997,ES,3648.0
1997,ET,278591.0
1997,FI,13.0
1997,FJ,-326.0
1997,FR,124417.0
1997,GA,2811.0
1997,GB,71335.0
1997,GD,-12.0
1997,GE,-47002.0
1997,GF,-5.0
1997,GH,17803.0
1997,GM,6858.0
1997,GN,447646.0
1997,GQ,-473.0
1997,GR,4984.0
1997,GT,-39529.0
1997,GW,15076.0
1997,GY,-37.0
1997,HN,-1196.0
1997,HR,-580276.0
1997,HT,-15481.0
1997,HU,6446.0
1997,ID,-8758.0
1997,IE,0.0
1997,IL,-987.0
1997,IN,230691.0
1997,IQ,-718218.0
1997,IR,1900995.0
1997,IS,330.0
1997,IT,89157.0
1997,JM,12.0
1997,JO,14.0
1997,JP,4856.0
1997,KE,226591.0
1997,KG,-1044.0
1997,KH,-106607.0
1997,KM,-10.0
1997,KP,-1.0
1997,KR,-45.0
1997,KW,15887.0
1997,KZ,-38001.0
1997,LA,-37690.0
1997,LB,-7360.0
1997,LC,0.0
1997,LK,-122263.0
1997,LR,-379841.0
1997,LS,-3.0
1997,LT,-643.0
1997,LV,-1915.0
1997,LY,4378.0
1997,MA,-255.0
1997,MC,-1.0
1997,MD,-5141.0
1997,MG,-76.0
1997,MK,-10151.0
1997,ML,-34299.0
1997,MM,-145842.0
1997,MN,-9.0
1997,MQ,-1.0
1997,MR,-59630.0
1997,MT,357.0
1997,MU,-3.0
1997,MV,-1.0
1997,MW,246.0
1997,MX,34788.0
1997,MY,5205.0
1997,MZ,-33605.0
1997,NE,5419.0
1997,NG,6310.0
1997,NI,-22058.0
1997,NL,118990.0
1997,NO,25346.0
1997,NP,108634.0
1997,NZ,3338.0
1997,OM,-10.0
1997,PA,500.0
1997,PE,-5694.0
1997,PG,7390.0
1997,PH,-269.0
1997,PK,1281219.0
1997,PL,-6452.0
1997,PT,-7.0
1997,PY,27.0
1997,QA,-19.0
1997,RO,-8317.0
1997,RS,437010.0
1997,RU,39612.0
1997,RW,-248525.0
1997,SA,5475.0
1997,SB,766.0
1997,SC,-33.0
1997,SD,-61045.0
1997,SE,201900.0
1997,SG,-17.0
1997,SI,2550.0
1997,SK,356.0
1997,SL,-317617.0
1997,SM,-2.0
1997,SN,45091.0
1997,SO,-676790.0
1997,SR,-652.0
1997,SV,-17146.0
1997,SY,14028.0
1997,SZ,575.0
1997,TD,-57334.0
1997,TG,-6932.0
1997,TH,172401.0
1997,TJ,-85961.0
1997,TM,14606.0
1997,TN,-491.0
1997,TO,-3.0
1997,TR,-45402.0
1997,TT,-21.0
1997,TV,-3.0
1997,TZ,681053.0
1997,UA,-1842.0
1997,UG,218273.0
1997,US,559257.0
1997,UY,41.0
1997,UZ,-65912.0
1997,VC,-13.0
1997,VE,-303.0
1997,VN,-466731.0
1997,WS,-1.0
1997,XK,437010.0
1997,YE,93840.0
1997,ZA,6483.0
1997,ZM,194301.0
1997,ZW,778.0
1998,AD,-2.0
1998,AE,477.0
1998,AF,-2775140.0
1998,AG,-2.0
1998,AL,39299.0
1998,AM,116431.0
1998,AO,-330614.0
1998,AR,2127.0
1998,AT,81311.0
1998,AU,84512.0
1998,AZ,-108641.0
1998,BA,-940015.0
1998,BB,-5.0
1998,BD,4306.0
1998,BE,12258.0
1998,BF,2126.0
1998,BG,-2908.0
1998,BH,-97.0
1998,BI,-485520.0
1998,BJ,2868.0
1998,BM,-1.0
1998,BO,173.0
1998,BR,2179.0
1998,BS,79.0
1998,BT,-105689.0
1998,BW,2121.0
1998,BY,15691.0
1998,BZ,3482.0
1998,CA,112652.0
1998,CD,-14360.0
1998,CF,43729.0
1998,CG,66548.0
1998,CH,31234.0
1998,CI,251206.0
1998,CL,-6731.0
1998,CM,45613.0
1998,CN,184175.0
1998,CO,-3308.0
1998,CR,22388.0
1998,CU,-22486.0
1998,CY,69.0
1998,CZ,-257.0
1998,DE,197363.0
1998,DJ,21639.0
1998,DK,58819.0
1998,DM,-1.0
1998,DO,572.0
1998,DZ,184077.0
1998,EC,-261.0
1998,EE,-1329.0
1998,EG,3417.0
1998,EH,-165968.0
1998,ER,-349380.0
1998,ES,4295.0
1998,ET,225207.0
1998,FI,14595.0
1998,FJ,-301.0
1998,FR,119543.0
1998,GA,1073.0
1998,GB,78985.0
1998,GD,-20.0
1998,GE,-38453.0
1998,GF,-5.0
1998,GH,2880.0
1998,GM,10399.0
1998,GN,732334.0
1998,GQ,-421.0
1998,GR,2943.0
1998,GT,-35769.0
1998,GW,-2321.0
1998,GY,-41.0
1998,HN,-1094.0
1998,HR,-641499.0
1998,HT,-13540.0
1998,HU,-267.0
1998,ID,-9004.0
1998,IE,8.0
1998,IL,-805.0
1998,IN,189443.0
1998,IQ,-660126.0
1998,IR,1870892.0
1998,IS,393.0
1998,IT,5690.0
1998,JM,10.0
1998,JO,-79.0
1998,JP,4467.0
1998,KE,235887.0
1998,KG,6856.0
1998,KH,-83705.0
1998,KM,-33.0
1998,KP,-9.0
1998,KR,-64.0
1998,KW,16126.0
1998,KZ,-28770.0
1998,LA,-30353.0
1998,LB,-6272.0
1998,LC,-5.0
1998,LK,-115080.0
1998,LR,-430727.0
1998,LS,-3.0
1998,LT,-1341.0
1998,LV,-3953.0
1998,LY,2864.0
1998,MA,-353.0
1998,MC,-1.0
1998,MD,-3171.0
1998,MG,-67.0
1998,MK,-560.0
1998,ML,-19540.0
1998,MM,-133513.0
1998,MN,-19.0
1998,MR,-72808.0
1998,MT,334.0
1998,MU,-15.0
1998,MV,-2.0
1998,MW,1319.0
1998,MX,31133.0
1998,MY,50542.0
1998,MZ,-36.0
1998,NE,3433.0
1998,NG,3415.0
1998,NI,-21007.0
1998,NL,133358.0
1998,NO,28772.0
1998,NP,105569.0
1998,NZ,3603.0
1998,OM,-11.0
1998,PA,1103.0
1998,PE,-6523.0
1998,PG,7978.0
1998,PH,-45330.0
1998,PK,1288557.0
1998,PL,-982.0
1998,PT,177.0
1998,PY,11.0
1998,QA,-23.0
1998,RO,-9941.0
1998,RS,424296.0
1998,RU,-44803.0
1998,RW,-57265.0
1998,SA,5263.0
1998,SB,176.0
1998,SC,-39.0
1998,SD,1030.0
1998,SE,196004.0
1998,SG,-18.0
1998,SI,1546.0
1998,SK,291.0
1998,SL,-590209.0
1998,SM,-4.0
1998,SN,57107.0
1998,SO,-626546.0
1998,SR,-491.0
1998,SV,-12632.0
1998,SY,12866.0
1998,SZ,562.0
1998,TD,-53653.0
1998,TG,8774.0
1998,TH,146342.0
1998,TJ,-46840.0
1998,TM,15414.0
1998,TN,-698.0
1998,TO,-2.0
1998,TR,-41822.0
1998,TT,-26.0
1998,TV,-3.0
1998,TZ,603609.0
1998,UA,909.0
1998,UG,204153.0
1998,US,529150.0
1998,UY,84.0
1998,UZ,-51377.0
1998,VC,-24.0
1998,VE,-396.0
1998,VN,-420560.0
1998,WS,-1.0
1998,XK,424296.0
1998,YE,84945.0
1998,ZA,7917.0
1998,ZM,173413.0
1998,ZW,1687.0
1999,AD,-3.0
1999,AE,456.0
1999,AF,-2954659.0
1999,AG,-2.0
1999,AL,873135.0
1999,AM,102985.0
1999,AO,-360355.0
1999,AR,1783.0
1999,AT,93549.0
1999,AU,85029.0
1999,AZ,-89527.0
1999,BA,-647154.0
1999,BB,-4.0
1999,BD,18880.0
1999,BE,15353.0
1999,BF,569.0
1999,BG,-1882.0
1999,BH,-128.0
1999,BI,-502665.0
1999,BJ,3619.0
1999,BM,-1.0
1999,BO,180.0
1999,BR,2185.0
1999,BS,99.0
1999,BT,-107619.0
1999,BW,2667.0
1999,BY,-1247.0
1999,BZ,2862.0
1999,CA,113379.0
1999,CD,-38835.0
1999,CF,51482.0
1999,CG,119987.0
1999,CH,79397.0
1999,CI,169495.0
1999,CL,-1196.0
1999,CM,46406.0
1999,CN,182379.0
1999,CO,-5423.0
1999,CR,22258.0
1999,CU,-22358.0
1999,CY,-660.0
1999,CZ,1595.0
1999,DE,108768.0
1999,DJ,21720.0
1999,DK,69801.0
1999,DM,-3.0
1999,DO,580.0
1999,DZ,157994.0
1999,EC,1026.0
1999,EE,-633.0
1999,EG,2794.0
1999,EH,-192284.0
1999,ER,-345393.0
1999,ES,7407.0
1999,ET,207757.0
1999,FI,16842.0
1999,FJ,-328.0
1999,FR,117917.0
1999,GA,15015.0
1999,GB,92455.0
1999,GD,-36.0
1999,GE,-24968.0
1999,GF,-5.0
1999,GH,317.0
1999,GM,16869.0
1999,GN,571805.0
1999,GQ,-429.0
1999,GR,3030.0
1999,GT,-29303.0
1999,GW,-602.0
1999,GY,-49.0
1999,HN,-1061.0
1999,HR,-636837.0
1999,HT,-8772.0
1999,HU,7549.0
1999,ID,281007.0
1999,IE,3840.0
1999,IL,97.0
1999,IN,170352.0
1999,IQ,-641333.0
1999,IR,1930508.0
1999,IS,461.0
1999,IT,14828.0
1999,JM,4.0
1999,JO,47.0
1999,JP,4208.0
1999,KE,218630.0
1999,KG,8708.0
1999,KH,-74463.0
1999,KM,-31.0
1999,KP,-13.0
1999,KR,-68.0
1999,KW,16046.0
1999,KZ,6244.0
1999,LA,-22604.0
1999,LB,-3792.0
1999,LC,-9.0
1999,LK,-116784.0
1999,LR,-299143.0
1999,LS,-3.0
1999,LT,-216.0
1999,LU,388.0
1999,LV,-901.0
1999,LY,2478.0
1999,MA,-377.0
1999,MC,-1.0
1999,MD,-2399.0
1999,MG,-54.0
1999,MK,505969.0
1999,ML,-711.0
1999,MM,-132791.0
1999,MN,-25.0
1999,MR,190.0
1999,MT,527.0
1999,MU,-8.0
1999,MV,-3.0
1999,MW,1666.0
1999,MX,25153.0
1999,MY,50439.0
1999,MZ,192.0
1999,NE,6042.0
1999,NG,2342.0
1999,NI,-20166.0
1999,NL,145876.0
1999,NO,54482.0
1999,NP,107407.0
1999,NR,-3.0
1999,NZ,4615.0
1999,OM,-11.0
1999,PA,1289.0
1999,PE,-6406.0
1999,PG,6656.0
1999,PH,-45355.0
1999,PK,1285788.0
1999,PL,1190.0
1999,PT,2324.0
1999,PY,1.0
1999,QA,-2.0
1999,RO,-6589.0
1999,RS,-464800.0
1999,RU,151987.0
1999,RW,-83828.0
1999,SA,5431.0
1999,SB,-34.0
1999,SC,-29.0
1999,SD,-105414.0
1999,SE,182100.0
1999,SG,-21.0
1999,SI,5013.0
1999,SK,461.0
1999,SL,-485864.0
1999,SM,-4.0
1999,SN,13695.0
1999,SO,-552224.0
1999,SR,-411.0
1999,SV,-12416.0
1999,SY,1837.0
1999,SZ,588.0
1999,TD,-37447.0
1999,TG,8288.0
1999,TH,137173.0
1999,TJ,-45320.0
1999,TL,-290000.0
1999,TM,19750.0
1999,TN,-1081.0
1999,TO,-2.0
1999,TR,-2870.0
1999,TT,-25.0
1999,TV,-3.0
1999,TZ,625849.0
1999,UA,-9500.0
1999,UG,205243.0
1999,US,420512.0
1999,UY,43.0
1999,UZ,-44509.0
1999,VC,-36.0
1999,VE,-358.0
1999,VN,-390504.0
1999,WS,-1.0
1999,XK,-464800.0
1999,YE,65241.0
1999,ZA,14062.0
1999,ZM,205893.0
1999,ZW,2114.0
2000,AD,-3.0
2000,AE,788.0
2000,AF,-4020132.0
2000,AG,-9.0
2000,AL,-8289.0
2000,AM,269576.0
2000,AO,-434441.0
2000,AR,1464.0
2000,AT,20735.0
2000,AU,82144.0
2000,AZ,-234255.0
2000,BA,-653205.0
2000,BB,-18.0
2000,BD,14232.0
2000,BE,19758.0
2000,BF,633.0
2000,BG,-950.0
2000,BH,-147.0
2000,BI,-544244.0
2000,BJ,4185.0
2000,BM,-1.0
2000,BO,54.0
2000,BR,2434.0
2000,BS,91.0
2000,BT,-108989.0
2000,BW,3616.0
2000,BY,-2404.0
2000,BZ,9783.0
2000,CA,148643.0
2000,CD,88015.0
2000,CF,57478.0
2000,CG,-36719.0
2000,CH,138434.0
2000,CI,149749.0
2000,CL,-565.0
2000,CM,43732.0
2000,CN,167018.0
2000,CO,-14078.0
2000,CR,5979.0
2000,CU,-22597.0
2000,CY,726.0
2000,CZ,5291.0
2000,DE,266447.0
2000,DJ,24444.0
2000,DK,79564.0
2000,DM,-18.0
2000,DO,439.0
2000,DZ,155543.0
2000,EC,844.0
2000,EE,-511.0
2000,EG,12617.0
2000,EH,-191814.0
2000,ER,-428432.0
2000,ES,6183.0
2000,ET,162184.0
2000,FI,17156.0
2000,FJ,-2062.0
2000,FR,103292.0
2000,GA,20946.0
2000,GB,129893.0
2000,GD,-115.0
2000,GE,-17957.0
2000,GH,-2597.0
2000,GM,11181.0
2000,GN,471102.0
2000,GQ,-551.0
2000,GR,5825.0
2000,GT,-125178.0
2000,GW,5206.0
2000,GY,-239.0
2000,HN,-6210.0
2000,HR,-631063.0
2000,HT,-27300.0
2000,HU,6795.0
2000,ID,157226.0
2000,IE,3293.0
2000,IL,5289.0
2000,IN,149842.0
2000,IQ,-544620.0
2000,IR,1990460.0
2000,IS,433.0
2000,IT,7898.0
2000,JM,-173.0
2000,JO,7459.0
2000,JP,3969.0
2000,KE,207770.0
2000,KG,10847.0
2000,KH,-36961.0
2000,KM,-110.0
2000,KN,-4.0
2000,KP,-67.0
2000,KR,-380.0
2000,KW,15682.0
2000,KZ,17321.0
2000,LA,-16306.0
2000,LB,-5404.0
2000,LC,-39.0
2000,LI,38.0
2000,LK,-130648.0
2000,LR,-236692.0
2000,LS,-5.0
2000,LT,-127.0
2000,LU,390.0
2000,LV,-599.0
2000,LY,2069.0
2000,MA,-68.0
2000,MC,-1.0
2000,MD,-3266.0
2000,MG,-19.0
2000,MK,38175.0
2000,ML,4926.0
2000,MM,-139472.0
2000,MN,-625.0
2000,MR,-1646.0
2000,MT,244.0
2000,MU,-46.0
2000,MV,-7.0
2000,MW,3843.0
2000,MX,4169.0
2000,MY,50266.0
2000,MZ,2449.0
2000,NE,-242.0
2000,NG,-2219.0
2000,NI,-17995.0
2000,NL,238590.0
2000,NO,55004.0
2000,NP,108252.0
2000,NR,-3.0
2000,NZ,4624.0
2000,OM,-13.0
2000,PA,1290.0
2000,PE,-8573.0
2000,PG,6654.0
2000,PH,-47161.0
2000,PK,2061481.0
2000,PL,-339.0
2000,PT,242.0
2000,PW,-1.0
2000,PY,-10.0
2000,QA,3.0
2000,RO,-7771.0
2000,RS,185343.0
2000,RU,75868.0
2000,RW,-132740.0
2000,SA,5372.0
2000,SB,-57.0
2000,SC,-35.0
2000,SD,-42690.0
2000,SE,179938.0
2000,SG,-40.0
2000,SI,6564.0
2000,SK,-115.0
2000,SL,-443601.0
2000,SM,-6.0
2000,SN,11045.0
2000,SO,-534998.0
2000,SR,-386.0
2000,SV,-185093.0
2000,SY,-3511.0
2000,SZ,670.0
2000,TD,-41755.0
2000,TG,6870.0
2000,TH,104904.0
2000,TJ,-46488.0
2000,TL,-170760.0
2000,TM,14754.0
2000,TN,-1419.0
2000,TO,-23.0
2000,TR,-48822.0
2000,TT,-141.0
2000,TV,-3.0
2000,TZ,707503.0
2000,UA,-16355.0
2000,UG,205454.0
2000,US,819899.0
2000,UY,-130.0
2000,UZ,-16055.0
2000,VC,-126.0
2000,VE,-432.0
2000,VN,-356409.0
2000,VU,-2.0
2000,WS,-3.0
2000,XK,185343.0
2000,YE,59265.0
2000,ZA,29266.0
2000,ZM,256458.0
2000,ZW,3883.0
2001,AD,-8.0
2001,AE,784.0
2001,AF,-3966685.0
2001,AG,-13.0
2001,AL,-5881.0
2001,AM,251051.0
2001,AO,-480447.0
2001,AR,1791.0
2001,AT,17263.0
2001,AU,77917.0
2001,AZ,-260187.0
2001,BA,-562123.0
2001,BB,-31.0
2001,BD,13480.0
2001,BE,12733.0
2001,BF,370.0
2001,BG,862.0
2001,BH,-74.0
2001,BI,-549885.0
2001,BJ,4815.0
2001,BM,-1.0
2001,BO,42.0
2001,BR,2527.0
2001,BS,-24.0
2001,BT,-110913.0
2001,BW,4295.0
2001,BY,-3877.0
2001,BZ,1125.0
2001,CA,181029.0
2001,CD,94815.0
2001,CF,24403.0
2001,CG,-31109.0
2001,CH,87874.0
2001,CI,129021.0
2001,CL,-580.0
2001,CM,41580.0
2001,CN,159991.0
2001,CO,-33325.0
2001,CR,9722.0
2001,CU,-21449.0
2001,CY,2283.0
2001,CZ,11373.0
2001,DE,169359.0
2001,DJ,22718.0
2001,DK,69614.0
2001,DM,-32.0
2001,DO,-172.0
2001,DZ,154354.0
2001,EC,3199.0
2001,EE,-547.0
2001,EG,16525.0
2001,EH,-191913.0
2001,ER,-365083.0
2001,ES,6509.0
2001,ET,121126.0
2001,FI,16390.0
2001,FJ,-2649.0
2001,FR,102244.0
2001,GA,19389.0
2001,GB,155974.0
2001,GD,-230.0
2001,GE,-14979.0
2001,GH,-1514.0
2001,GM,9312.0
2001,GN,251239.0
2001,GQ,-571.0
2001,GR,12979.0
2001,GT,-115660.0
2001,GW,6509.0
2001,GY,-417.0
2001,HN,-1915.0
2001,HR,-531518.0
2001,HT,-29211.0
2001,HU,4000.0
2001,ID,78966.0
2001,IE,2530.0
2001,IL,3753.0
2001,IN,148480.0
2001,IQ,-541885.0
2001,IR,1781083.0
2001,IS,385.0
2001,IT,9819.0
2001,JM,-322.0
2001,JO,5018.0
2001,JP,3446.0
2001,KE,250933.0
2001,KG,9883.0
2001,KH,-33965.0
2001,KM,-93.0
2001,KN,-2.0
2001,KP,-72.0
2001,KR,-484.0
2001,KW,14647.0
2001,KZ,15591.0
2001,LA,-13600.0
2001,LB,-4254.0
2001,LC,-78.0
2001,LI,429.0
2001,LK,-128989.0
2001,LR,-183748.0
2001,LS,-9.0
2001,LT,-105.0
2001,LU,6.0
2001,LV,-793.0
2001,LY,1720.0
2001,MA,310.0
2001,MD,-5605.0
2001,MG,-17.0
2001,MK,-176564.0
2001,ML,4901.0
2001,MM,-147271.0
2001,MN,-911.0
2001,MR,-2539.0
2001,MT,231.0
2001,MU,-42.0
2001,MV,-4.0
2001,MW,6132.0
2001,MX,-8596.0
2001,MY,50332.0
2001,MZ,5454.0
2001,NE,-372.0
2001,NG,-2923.0
2001,NI,-17240.0
2001,NL,236396.0
2001,NO,58650.0
2001,NP,109960.0
2001,NR,-1.0
2001,NZ,4522.0
2001,OM,12.0
2001,PA,1495.0
2001,PE,-8397.0
2001,PG,4930.0
2001,PH,-45155.0
2001,PK,2186991.0
2001,PL,-2755.0
2001,PT,173.0
2001,PY,5.0
2001,QA,39.0
2001,RO,-6704.0
2001,RS,280759.0
2001,RU,58856.0
2001,RW,-95495.0
2001,SA,5490.0
2001,SB,-55.0
2001,SC,-37.0
2001,SD,-123601.0
2001,SE,168445.0
2001,SG,-31.0
2001,SI,2403.0
2001,SK,2826.0
2001,SL,-269747.0
2001,SM,-1.0
2001,SN,11055.0
2001,SO,-509015.0
2001,SR,-291.0
2001,SV,-172065.0
2001,SY,-4553.0
2001,SZ,1033.0
2001,TD,-34456.0
2001,TG,5944.0
2001,TH,110680.0
2001,TJ,-43129.0
2001,TL,-91238.0
2001,TM,14502.0
2001,TN,-1668.0
2001,TO,-49.0
2001,TR,-52571.0
2001,TT,-195.0
2001,TV,-4.0
2001,TZ,695946.0
2001,UA,-26654.0
2001,UG,159151.0
2001,US,870323.0
2001,UY,-269.0
2001,UZ,29379.0
2001,VC,-241.0
2001,VE,-427.0
2001,VN,-342792.0
2001,VU,-1.0
2001,WS,-10.0
2001,XK,280759.0
2001,YE,69066.0
2001,ZA,28027.0
2001,ZM,283873.0
2001,ZW,6529.0
2002,AD,-13.0
2002,AE,287.0
2002,AF,-4594957.0
2002,AG,-46.0
2002,AL,-15628.0
2002,AM,228635.0
2002,AO,-521565.0
2002,AR,1900.0
2002,AT,16694.0
2002,AU,75205.0
2002,AZ,-254180.0
2002,BA,-552947.0
2002,BB,-70.0
2002,BD,12172.0
2002,BE,11314.0
2002,BF,-323.0
2002,BG,159.0
2002,BH,-64.0
2002,BI,-585524.0
2002,BJ,4902.0
2002,BM,-1.0
2002,BO,-338.0
2002,BR,2196.0
2002,BS,-162.0
2002,BT,-112578.0
2002,BW,4787.0
2002,BY,-7470.0
2002,BZ,1026.0
2002,CA,187862.0
2002,CD,76290.0
2002,CF,31257.0
2002,CG,-95928.0
2002,CH,84685.0
2002,CI,42557.0
2002,CL,-1771.0
2002,CM,55035.0
2002,CN,141641.0
2002,CO,-102433.0
2002,CR,10283.0
2002,CU,-19734.0
2002,CY,2176.0
2002,CZ,1765.0
2002,DE,1127571.0
2002,DJ,23699.0
2002,DK,76846.0
2002,DM,-55.0
2002,DO,-227.0
2002,DZ,150746.0
2002,EC,4230.0
2002,EE,-1203.0
2002,EG,14191.0
2002,EH,-191889.0
2002,ER,-359562.0
2002,ES,6762.0
2002,ET,92300.0
2002,FI,12221.0
2002,FJ,-2576.0
2002,FR,106952.0
2002,GA,19320.0
2002,GB,185747.0
2002,GD,-448.0
2002,GE,-18637.0
2002,GH,25473.0
2002,GI,-4.0
2002,GM,10968.0
2002,GN,216123.0
2002,GQ,-619.0
2002,GR,4082.0
2002,GT,-109257.0
2002,GW,6442.0
2002,GY,-1125.0
2002,HN,-1888.0
2002,HR,-521905.0
2002,HT,-29905.0
2002,HU,2657.0
2002,ID,45479.0
2002,IE,4348.0
2002,IL,3330.0
2002,IN,145511.0
2002,IQ,-430763.0
2002,IR,1531228.0
2002,IS,362.0
2002,IT,11410.0
2002,JM,-627.0
2002,JO,2946.0
2002,JP,2795.0
2002,KE,223264.0
2002,KG,5071.0
2002,KH,-33640.0
2002,KI,-3.0
2002,KM,-77.0
2002,KN,-7.0
2002,KP,-330.0
2002,KR,-760.0
2002,KW,14956.0
2002,KY,-1.0
2002,KZ,12860.0
2002,LA,-12151.0
2002,LB,-25718.0
2002,LC,-284.0
2002,LI,327.0
2002,LK,-139572.0
2002,LR,-208337.0
2002,LS,-9.0
2002,LT,-1113.0
2002,LV,-3261.0
2002,LY,708.0
2002,MA,-1049.0
2002,MC,-2.0
2002,MD,-11387.0
2002,MG,-55.0
2002,MH,-1.0
2002,MK,-20678.0
2002,ML,5384.0
2002,MM,-151297.0
2002,MN,-1318.0
2002,MR,-3200.0
2002,MT,307.0
2002,MU,-68.0
2002,MV,-4.0
2002,MW,13035.0
2002,MX,-19554.0
2002,MY,51583.0
2002,MZ,7000.0
2002,NE,-1057.0
2002,NG,-24716.0
2002,NI,-13653.0
2002,NL,212021.0
2002,NO,58800.0
2002,NP,110790.0
2002,NR,-1.0
2002,NZ,5070.0
2002,OM,-5.0
2002,PA,1606.0
2002,PE,-9080.0
2002,PG,5217.0
2002,PH,-45560.0
2002,PK,2764255.0
2002,PL,-13385.0
2002,PT,-264.0
2002,PW,-2.0
2002,PY,-55.0
2002,QA,15.0
2002,RO,-8893.0
2002,RS,39489.0
2002,RU,4309.0
2002,RW,-83372.0
2002,SA,5234.0
2002,SB,-58.0
2002,SC,-72.0
2002,SD,-152261.0
2002,SE,204696.0
2002,SG,-56.0
2002,SI,113.0
2002,SK,3709.0
2002,SL,-161157.0
2002,SM,-3.0
2002,SN,9738.0
2002,SO,-479760.0
2002,SR,-149.0
2002,SV,-158137.0
2002,SY,-19283.0
2002,SZ,997.0
2002,TC,-4.0
2002,TD,-15577.0
2002,TG,-881.0
2002,TH,112748.0
2002,TJ,-49300.0
2002,TL,-60487.0
2002,TM,13162.0
2002,TN,-2882.0
2002,TO,-74.0
2002,TR,-199913.0
2002,TT,-356.0
2002,TV,-4.0
2002,TZ,759179.0
2002,UA,-84132.0
2002,UG,175156.0
2002,US,866313.0
2002,UY,-471.0
2002,UZ,35233.0
2002,VC,-593.0
2002,VE,49772.0
2002,VN,-361843.0
2002,WS,-5.0
2002,XK,39489.0
2002,YE,81612.0
2002,ZA,72055.0
2002,ZM,300112.0
2002,ZW,4794.0
2003,AD,-13.0
2003,AE,359.0
2003,AF,-2908139.0
2003,AG,-31.0
2003,AL,-14709.0
2003,AM,221196.0
2003,AO,-459888.0
2003,AR,1949.0
2003,AT,17438.0
2003,AU,66249.0
2003,AZ,-248319.0
2003,BA,-390905.0
2003,BB,-56.0
2003,BD,9204.0
2003,BE,15732.0
2003,BF,-31.0
2003,BG,821.0
2003,BH,-64.0
2003,BI,-569951.0
2003,BJ,5532.0
2003,BM,-2.0
2003,BO,-226.0
2003,BR,2170.0
2003,BS,-19.0
2003,BT,-114222.0
2003,BW,3898.0
2003,BY,-8935.0
2003,BZ,832.0
2003,CA,179005.0
2003,CD,64728.0
2003,CF,7429.0
2003,CG,-170134.0
2003,CH,74003.0
2003,CI,44783.0
2003,CL,-1353.0
2003,CM,54333.0
2003,CN,147794.0
2003,CO,-87204.0
2003,CR,11778.0
2003,CU,-17471.0
2003,CY,5138.0
2003,CZ,-1894.0
2003,DE,1054748.0
2003,DJ,28348.0
2003,DK,70647.0
2003,DM,-46.0
2003,DO,-217.0
2003,DZ,151428.0
2003,EC,7510.0
2003,EE,-1199.0
2003,EG,16142.0
2003,EH,-191749.0
2003,ER,-154344.0
2003,ES,5879.0
2003,ET,65998.0
2003,FI,9667.0
2003,FJ,-2109.0
2003,FR,105612.0
2003,GA,20072.0
2003,GB,201872.0
2003,GD,-337.0
2003,GE,-14672.0
2003,GH,30562.0
2003,GI,-2.0
2003,GM,6518.0
2003,GN,209557.0
2003,GQ,-654.0
2003,GR,7430.0
2003,GT,-94600.0
2003,GW,6517.0
2003,GY,-1378.0
2003,HN,-1787.0
2003,HR,-430141.0
2003,HT,-25906.0
2003,HU,5445.0
2003,ID,-22943.0
2003,IE,12380.0
2003,IL,2605.0
2003,IN,144834.0
2003,IQ,-445841.0
2003,IR,1167059.0
2003,IS,405.0
2003,IT,11857.0
2003,JM,-671.0
2003,JO,6036.0
2003,JP,2479.0
2003,KE,228225.0
2003,KG,2572.0
2003,KH,-31718.0
2003,KI,-16.0
2003,KM,-106.0
2003,KN,-5.0
2003,KP,-349.0
2003,KR,-573.0
2003,KW,15066.0
2003,KY,-1.0
2003,KZ,8441.0
2003,LA,-10849.0
2003,LB,-23983.0
2003,LC,-290.0
2003,LI,292.0
2003,LK,-129958.0
2003,LR,-327035.0
2003,LS,-10.0
2003,LT,-1419.0
2003,LU,9.0
2003,LV,-3361.0
2003,LY,884.0
2003,MA,-984.0
2003,MC,-2.0
2003,MD,-11858.0
2003,MG,-121.0
2003,MK,-7634.0
2003,ML,6607.0
2003,MM,-170032.0
2003,MN,-1024.0
2003,MR,-3375.0
2003,MT,570.0
2003,MU,-82.0
2003,MV,-4.0
2003,MW,10548.0
2003,MX,-21884.0
2003,MY,78117.0
2003,MZ,9260.0
2003,NE,-820.0
2003,NG,-28734.0
2003,NI,-10533.0
2003,NL,183975.0
2003,NO,44014.0
2003,NP,111944.0
2003,NR,-4.0
2003,NU,-2.0
2003,NZ,5960.0
2003,OM,1.0
2003,PA,1701.0
2003,PE,-7348.0
2003,PF,-1.0
2003,PG,7768.0
2003,PH,-57624.0
2003,PK,1472266.0
2003,PL,-12772.0
2003,PT,-135.0
2003,PW,-2.0
2003,PY,-54.0
2003,QA,49.0
2003,RO,-7886.0
2003,RS,-13946.0
2003,RU,-7108.0
2003,RW,-68904.0
2003,SA,5109.0
2003,SB,-71.0
2003,SC,-53.0
2003,SD,-442642.0
2003,SE,173299.0
2003,SG,-55.0
2003,SI,2198.0
2003,SK,4083.0
2003,SL,-49421.0
2003,SM,-2.0
2003,SN,13778.0
2003,SO,-428831.0
2003,SR,-107.0
2003,SV,-134074.0
2003,SY,-14621.0
2003,SZ,999.0
2003,TC,-4.0
2003,TD,91454.0
2003,TG,-3680.0
2003,TH,121242.0
2003,TJ,-55524.0
2003,TL,-502.0
2003,TM,12673.0
2003,TN,-2861.0
2003,TO,-52.0
2003,TR,-187360.0
2003,TT,-327.0
2003,TV,-3.0
2003,TZ,728285.0
2003,UA,-90302.0
2003,UG,189321.0
2003,US,773867.0
2003,UY,-513.0
2003,UZ,36418.0
2003,VC,-526.0
2003,VE,25928.0
2003,VN,-350759.0
2003,WS,-5.0
2003,XK,-13946.0
2003,YE,59728.0
2003,ZA,106173.0
2003,ZM,269675.0
2003,ZW,2657.0
2004,AD,-7.0
2004,AE,67.0
2004,AF,-3411243.0
2004,AG,-28.0
2004,AL,-13654.0
2004,AM,217842.0
2004,AO,-313742.0
2004,AR,2612.0
2004,AT,22676.0
2004,AU,70730.0
2004,AZ,-244289.0
2004,BA,-301485.0
2004,BB,-22.0
2004,BD,5592.0
2004,BE,19816.0
2004,BF,327.0
2004,BG,2244.0
2004,BH,-69.0
2004,BI,-512898.0
2004,BJ,5607.0
2004,BM,-1.0
2004,BO,-125.0
2004,BR,2409.0
2004,BS,-21.0
2004,BT,-115740.0
2004,BW,3922.0
2004,BY,-8835.0
2004,BZ,731.0
2004,CA,171818.0
2004,CD,36515.0
2004,CF,-2989.0
2004,CG,-281147.0
2004,CH,66756.0
2004,CI,54998.0
2004,CL,-736.0
2004,CM,53500.0
2004,CN,147493.0
2004,CO,-95147.0
2004,CR,9802.0
2004,CU,-16876.0
2004,CY,10262.0
2004,CZ,-2044.0
2004,DE,924270.0
2004,DJ,25948.0
2004,DK,65630.0
2004,DM,-44.0
2004,DO,-246.0
2004,DZ,153027.0
2004,EC,8884.0
2004,EE,-984.0
2004,EG,21284.0
2004,EH,-191752.0
2004,ER,-176559.0
2004,ES,5654.0
2004,ET,49297.0
2004,FI,10733.0
2004,FJ,-1803.0
2004,FR,115176.0
2004,GA,19259.0
2004,GB,208551.0
2004,GD,-223.0
2004,GE,-9776.0
2004,GH,33573.0
2004,GM,7168.0
2004,GN,172917.0
2004,GQ,-606.0
2004,GR,10442.0
2004,GT,-62366.0
2004,GW,6471.0
2004,GY,-861.0
2004,HN,-1707.0
2004,HR,-405410.0
2004,HT,-25483.0
2004,HU,6720.0
2004,ID,-32803.0
2004,IE,9368.0
2004,IL,-868.0
2004,IN,147965.0
2004,IQ,-527077.0
2004,IR,1566816.0
2004,IS,410.0
2004,IT,14774.0
2004,JM,-638.0
2004,JO,11852.0
2004,JP,2222.0
2004,KE,234419.0
2004,KG,467.0
2004,KH,-17918.0
2004,KI,-34.0
2004,KM,-571.0
2004,KN,-2.0
2004,KP,-412.0
2004,KR,-290.0
2004,KW,15266.0
2004,KY,-1.0
2004,KZ,9086.0
2004,LA,-16590.0
2004,LB,-17528.0
2004,LC,-182.0
2004,LI,258.0
2004,LK,-127108.0
2004,LR,-363733.0
2004,LS,-13.0
2004,LT,-1193.0
2004,LU,-1.0
2004,LV,-2964.0
2004,LY,971.0
2004,MA,-1243.0
2004,MC,-1.0
2004,MD,-12298.0
2004,MG,-153.0
2004,MK,-3412.0
2004,ML,8144.0
2004,MM,-172734.0
2004,MN,-1004.0
2004,MR,-3559.0
2004,MT,1045.0
2004,MU,-36.0
2004,MV,-9.0
2004,MW,4010.0
2004,MX,-16058.0
2004,MY,97065.0
2004,MZ,5168.0
2004,NE,-665.0
2004,NG,-27041.0
2004,NI,-7771.0
2004,NL,155372.0
2004,NO,45186.0
2004,NP,112854.0
2004,NR,-1.0
2004,NZ,5613.0
2004,OM,4.0
2004,PA,1821.0
2004,PE,-5783.0
2004,PG,7805.0
2004,PH,-60782.0
2004,PK,1681833.0
2004,PL,-5238.0
2004,PT,69.0
2004,PW,-2.0
2004,PY,-38.0
2004,QA,48.0
2004,RO,-5230.0
2004,RS,32027.0
2004,RU,-18798.0
2004,RW,-29041.0
2004,SA,900.0
2004,SB,-71.0
2004,SC,-54.0
2004,SD,-554940.0
2004,SE,108145.0
2004,SG,-49.0
2004,SI,109.0
2004,SK,2414.0
2004,SL,4145.0
2004,SM,-1.0
2004,SN,13323.0
2004,SO,-429229.0
2004,SR,-85.0
2004,SV,-96033.0
2004,SY,-9050.0
2004,SZ,987.0
2004,TC,-1.0
2004,TD,199223.0
2004,TG,-4780.0
2004,TH,121754.0
2004,TJ,-55116.0
2004,TL,-653.0
2004,TM,12507.0
2004,TN,-2775.0
2004,TO,-18.0
2004,TR,-172698.0
2004,TT,-213.0
2004,TV,-3.0
2004,TZ,684141.0
2004,UA,-85232.0
2004,UG,219700.0
2004,US,631405.0
2004,UY,-116.0
2004,UZ,35934.0
2004,VC,-393.0
2004,VE,26559.0
2004,VN,-350368.0
2004,WS,-1.0
2004,XK,32027.0
2004,YE,65093.0
2004,ZA,137904.0
2004,ZM,210525.0
2004,ZW,-12034.0
2005,AD,-12.0
2005,AE,124.0
2005,AF,-3032580.0
2005,AG,-24.0
2005,AL,-15148.0
2005,AM,201303.0
2005,AO,-263035.0
2005,AR,2759.0
2005,AT,26458.0
2005,AU,69932.0
2005,AZ,-234347.0
2005,BA,-145410.0
2005,BB,-29.0
2005,BD,3774.0
2005,BE,35123.0
2005,BF,484.0
2005,BG,-332.0
2005,BH,-54.0
2005,BI,-473153.0
2005,BJ,31383.0
2005,BM,-5.0
2005,BO,-82.0
2005,BR,6753.0
2005,BS,-19.0
2005,BT,-117647.0
2005,BW,3733.0
2005,BY,-9492.0
2005,BZ,606.0
2005,CA,166594.0
2005,CD,44584.0
2005,CF,-16111.0
2005,CG,-274209.0
2005,CH,65199.0
2005,CI,52372.0
2005,CL,-115.0
2005,CM,51834.0
2005,CN,160638.0
2005,CO,-539909.0
2005,CR,10760.0
2005,CU,-19952.0
2005,CY,13268.0
2005,CZ,-1165.0
2005,DE,867497.0
2005,DJ,17421.0
2005,DK,45471.0
2005,DM,-76.0
2005,DO,-146.0
2005,DZ,76967.0
2005,EC,261485.0
2005,EE,-866.0
2005,EG,21191.0
2005,EH,-116676.0
2005,ER,-178205.0
2005,ES,5351.0
2005,ET,23287.0
2005,FI,11871.0
2005,FJ,-1752.0
2005,FR,124891.0
2005,GA,13518.0
2005,GB,213280.0
2005,GD,-255.0
2005,GE,-10498.0
2005,GH,39457.0
2005,GM,5629.0
2005,GN,87878.0
2005,GQ,-536.0
2005,GR,8719.0
2005,GT,-34835.0
2005,GW,6468.0
2005,GY,-793.0
2005,HN,-1690.0
2005,HR,-225871.0
2005,HT,-27061.0
2005,HU,7068.0
2005,ID,-38835.0
2005,IE,6885.0
2005,IL,287.0
2005,IN,113897.0
2005,IQ,-339676.0
2005,IR,1206965.0
2005,IS,441.0
2005,IT,19846.0
2005,JM,-779.0
2005,JO,15313.0
2005,JP,2258.0
2005,KE,252128.0
2005,KG,-395.0
2005,KH,-18271.0
2005,KI,-38.0
2005,KM,-577.0
2005,KN,-32.0
2005,KP,-403.0
2005,KR,2.0
2005,KW,15353.0
2005,KY,-1.0
2005,KZ,2427.0
2005,LA,-24801.0
2005,LB,-17374.0
2005,LC,-300.0
2005,LI,244.0
2005,LK,-114850.0
2005,LR,-297227.0
2005,LS,-13.0
2005,LT,-1057.0
2005,LU,147.0
2005,LV,-2533.0
2005,LY,1183.0
2005,MA,-1349.0
2005,MC,-3.0
2005,MD,-12409.0
2005,MG,-222.0
2005,MK,-5716.0
2005,ML,8607.0
2005,MM,-206102.0
2005,MN,-1298.0
2005,MR,-3733.0
2005,MT,1453.0
2005,MU,-45.0
2005,MV,-17.0
2005,MW,5670.0
2005,MX,-11534.0
2005,MY,105503.0
2005,MZ,5534.0
2005,NC,-7.0
2005,NE,-864.0
2005,NG,-30841.0
2005,NI,-5705.0
2005,NL,132663.0
2005,NO,44834.0
2005,NP,113066.0
2005,NR,-3.0
2005,NZ,5535.0
2005,OM,-10.0
2005,PA,7968.0
2005,PE,-5234.0
2005,PF,-1.0
2005,PG,10093.0
2005,PH,-61763.0
2005,PK,1502854.0
2005,PL,-14042.0
2005,PT,97.0
2005,PW,-1.0
2005,PY,-21.0
2005,QA,48.0
2005,RO,-10000.0
2005,RS,-60825.0
2005,RU,-16883.0
2005,RW,-61642.0
2005,SA,759.0
2005,SB,-38.0
2005,SC,-50.0
2005,SD,-543126.0
2005,SE,97177.0
2005,SG,-63.0
2005,SI,903.0
2005,SK,2059.0
2005,SL,19768.0
2005,SM,-4.0
2005,SN,12799.0
2005,SO,-439408.0
2005,SR,-50.0
2005,SV,-49392.0
2005,SY,4456.0
2005,SZ,998.0
2005,TC,-2.0
2005,TD,214190.0
2005,TG,-48936.0
2005,TH,148684.0
2005,TJ,-53877.0
2005,TL,-241.0
2005,TM,11014.0
2005,TN,-3396.0
2005,TO,-14.0
2005,TR,-173204.0
2005,TT,-272.0
2005,TZ,621414.0
2005,UA,-80217.0
2005,UG,222139.0
2005,US,551333.0
2005,UY,-57.0
2005,UZ,34728.0
2005,VC,-634.0
2005,VE,200903.0
2005,VN,-358582.0
2005,WS,-3.0
2005,XK,-60825.0
2005,YE,80435.0
2005,ZA,164494.0
2005,ZM,175489.0
2005,ZW,-16072.0
2006,AD,-11.0
2006,AE,-84.0
2006,AF,-2610745.0
2006,AG,-28.0
2006,AL,-16217.0
2006,AM,93473.0
2006,AO,-240421.0
2006,AR,2980.0
2006,AT,77243.0
2006,AU,72242.0
2006,AZ,-126039.0
2006,BA,-215829.0
2006,BB,-66.0
2006,BD,14559.0
2006,BE,28315.0
2006,BF,693.0
2006,BG,1028.0
2006,BH,-65.0
2006,BI,-425589.0
2006,BJ,14031.0
2006,BM,-2.0
2006,BO,-216.0
2006,BR,19818.0
2006,BS,-33.0
2006,BT,-119530.0
2006,BW,3152.0
2006,BY,-10357.0
2006,BZ,456.0
2006,CA,173344.0
2006,CD,40575.0
2006,CF,-46739.0
2006,CG,-216218.0
2006,CH,64845.0
2006,CI,11882.0
2006,CL,596.0
2006,CM,25463.0
2006,CN,147530.0
2006,CO,-561527.0
2006,CR,11191.0
2006,CU,-34229.0
2006,CY,12992.0
2006,CZ,2194.0
2006,DE,668531.0
2006,DJ,9924.0
2006,DK,37774.0
2006,DM,-67.0
2006,DO,-273.0
2006,DZ,81215.0
2006,EC,266147.0
2006,EE,-740.0
2006,EG,25828.0
2006,EH,-116642.0
2006,ER,-192153.0
2006,ES,2860.0
2006,ET,12512.0
2006,FI,13849.0
2006,FJ,-1939.0
2006,FR,130885.0
2006,GA,12475.0
2006,GB,213624.0
2006,GD,-245.0
2006,GE,-14258.0
2006,GH,49768.0
2006,GM,12131.0
2006,GN,80102.0
2006,GQ,-493.0
2006,GR,8477.0
2006,GT,-26643.0
2006,GW,6818.0
2006,GY,-835.0
2006,HN,-2371.0
2006,HR,-169622.0
2006,HT,-31378.0
2006,HU,7688.0
2006,ID,-37427.0
2006,IE,11181.0
2006,IL,-65.0
2006,IN,134826.0
2006,IQ,-1483162.0
2006,IR,1096739.0
2006,IS,423.0
2006,IT,26061.0
2006,JM,-933.0
2006,JO,517199.0
2006,JP,2415.0
2006,KE,286879.0
2006,KG,-857.0
2006,KH,-18301.0
2006,KI,-45.0
2006,KM,-84.0
2006,KN,-6.0
2006,KP,-503.0
2006,KR,-936.0
2006,KW,14736.0
2006,KY,-1.0
2006,KZ,-3512.0
2006,LA,-26739.0
2006,LB,7325.0
2006,LC,-305.0
2006,LI,566.0
2006,LK,-121773.0
2006,LR,-257278.0
2006,LS,-12.0
2006,LT,-537.0
2006,LU,106.0
2006,LV,-1503.0
2006,LY,640.0
2006,MA,-3451.0
2006,MC,-5.0
2006,MD,-12720.0
2006,ME,6715.0
2006,MG,-285.0
2006,MK,-6315.0
2006,ML,7875.0
2006,MM,-229140.0
2006,MN,-2713.0
2006,MR,-4868.0
2006,MT,1976.0
2006,MU,-102.0
2006,MV,-20.0
2006,MW,9088.0
2006,MX,-11662.0
2006,MY,106931.0
2006,MZ,6633.0
2006,NC,-1.0
2006,NE,-961.0
2006,NG,-11282.0
2006,NI,-3928.0
2006,NL,113188.0
2006,NO,54038.0
2006,NP,114425.0
2006,NR,-3.0
2006,NZ,4991.0
2006,OM,-33.0
2006,PA,2003.0
2006,PE,-7426.0
2006,PF,-1.0
2006,PG,10145.0
2006,PH,-62471.0
2006,PK,1157742.0
2006,PL,-5146.0
2006,PT,205.0
2006,PW,-1.0
2006,PY,-81.0
2006,QA,16.0
2006,RO,-6382.0
2006,RS,-96898.0
2006,RU,-77129.0
2006,RW,-53816.0
2006,SA,480.0
2006,SB,-65.0
2006,SC,-69.0
2006,SD,-544219.0
2006,SE,104438.0
2006,SG,-113.0
2006,SI,-567.0
2006,SK,2028.0
2006,SL,12052.0
2006,SM,-4.0
2006,SN,6805.0
2006,SO,-488015.0
2006,SR,-91.0
2006,SV,-35132.0
2006,SY,687263.0
2006,SZ,983.0
2006,TC,-2.0
2006,TD,250225.0
2006,TG,-35121.0
2006,TH,148052.0
2006,TJ,-818.0
2006,TL,-254.0
2006,TM,-88.0
2006,TN,-3050.0
2006,TO,-23.0
2006,TR,-230302.0
2006,TT,-311.0
2006,TV,-3.0
2006,TZ,547682.0
2006,UA,-58839.0
2006,UG,255599.0
2006,US,982142.0
2006,UY,-82.0
2006,UZ,-9846.0
2006,VC,-707.0
2006,VE,202270.0
2006,VN,-374233.0
2006,WS,-5.0
2006,XK,-96898.0
2006,YE,94898.0
2006,ZA,29761.0
2006,ZM,137369.0
2006,ZW,-10430.0
2007,AD,-12.0
2007,AE,-96.0
2007,AF,-3447970.0
2007,AG,-21.0
2007,AL,-16818.0
2007,AM,-14755.0
2007,AO,-183980.0
2007,AR,3071.0
2007,AT,75234.0
2007,AU,22306.0
2007,AZ,-14893.0
2007,BA,-98042.0
2007,BB,-70.0
2007,BD,10042.0
2007,BE,15376.0
2007,BF,331.0
2007,BG,2030.0
2007,BH,-57.0
2007,BI,-390195.0
2007,BJ,9820.0
2007,BO,-56.0
2007,BR,19210.0
2007,BS,-39.0
2007,BT,-112241.0
2007,BW,2458.0
2007,BY,-5512.0
2007,BZ,328.0
2007,CA,210896.0
2007,CD,38867.0
2007,CF,-82071.0
2007,CG,-268692.0
2007,CH,60802.0
2007,CI,2505.0
2007,CL,795.0
2007,CM,47909.0
2007,CN,138493.0
2007,CO,-594594.0
2007,CR,11688.0
2007,CU,-7968.0
2007,CY,11716.0
2007,CZ,2649.0
2007,DE,682865.0
2007,DJ,8311.0
2007,DK,28836.0
2007,DM,-67.0
2007,DO,-493.0
2007,DZ,79751.0
2007,EC,290316.0
2007,EE,-297.0
2007,EG,35408.0
2007,EH,-116623.0
2007,ER,-213890.0
2007,ES,5040.0
2007,ET,18990.0
2007,FI,8003.0
2007,FJ,-2020.0
2007,FR,137630.0
2007,GA,13044.0
2007,GB,213499.0
2007,GD,-363.0
2007,GE,-14791.0
2007,GF,-1.0
2007,GH,44655.0
2007,GI,-1.0
2007,GM,12697.0
2007,GN,25386.0
2007,GQ,-441.0
2007,GR,9711.0
2007,GT,-20778.0
2007,GW,6926.0
2007,GY,-917.0
2007,HN,-1866.0
2007,HR,-172292.0
2007,HT,-32537.0
2007,HU,8779.0
2007,ID,-22355.0
2007,IE,13454.0
2007,IL,4399.0
2007,IN,138152.0
2007,IQ,-2352441.0
2007,IR,893660.0
2007,IS,85.0
2007,IT,38792.0
2007,JM,-1010.0
2007,JO,498043.0
2007,JP,2115.0
2007,KE,281412.0
2007,KG,-1243.0
2007,KH,-17649.0
2007,KI,-38.0
2007,KM,-139.0
2007,KN,-10.0
2007,KP,-842.0
2007,KR,-304.0
2007,KW,31784.0
2007,KZ,-1409.0
2007,LA,-10181.0
2007,LB,35347.0
2007,LC,-403.0
2007,LI,545.0
2007,LK,-142569.0
2007,LR,-128878.0
2007,LS,-20.0
2007,LT,155.0
2007,LU,42.0
2007,LV,-660.0
2007,LY,2561.0
2007,MA,-3078.0
2007,MD,-5604.0
2007,ME,7684.0
2007,MG,-289.0
2007,MK,-5756.0
2007,ML,5958.0
2007,MM,-210337.0
2007,MN,-3054.0
2007,MR,-3625.0
2007,MT,2994.0
2007,MU,-95.0
2007,MV,-19.0
2007,MW,1439.0
2007,MX,-18676.0
2007,MY,100003.0
2007,MZ,6334.0
2007,NE,-764.0
2007,NG,-14222.0
2007,NI,-2518.0
2007,NL,85175.0
2007,NO,43543.0
2007,NP,106649.0
2007,NR,-4.0
2007,NZ,1967.0
2007,OM,0.0
2007,PA,17286.0
2007,PE,-9181.0
2007,PG,9955.0
2007,PH,-63348.0
2007,PK,2363311.0
2007,PL,12853.0
2007,PT,222.0
2007,PW,-2.0
2007,PY,-71.0
2007,QA,19.0
2007,RO,-3588.0
2007,RS,-81604.0
2007,RU,-106598.0
2007,RW,-42361.0
2007,SA,236.0
2007,SB,-70.0
2007,SC,-66.0
2007,SD,-443102.0
2007,SE,107576.0
2007,SG,-101.0
2007,SI,438.0
2007,SK,-5.0
2007,SL,-10796.0
2007,SM,-3.0
2007,SN,6203.0
2007,SO,-466398.0
2007,SR,-74.0
2007,SV,-24593.0
2007,SY,1532702.0
2007,SZ,951.0
2007,TC,-1.0
2007,TD,230366.0
2007,TG,-25815.0
2007,TH,136382.0
2007,TJ,306.0
2007,TL,-3.0
2007,TM,-683.0
2007,TN,-2715.0
2007,TO,-23.0
2007,TR,-218998.0
2007,TT,-261.0
2007,TV,-2.0
2007,TZ,499443.0
2007,UA,-19889.0
2007,UG,286963.0
2007,US,361457.0
2007,UY,-66.0
2007,UZ,-6449.0
2007,VC,-1150.0
2007,VE,203650.0
2007,VN,-327432.0
2007,VU,1.0
2007,WS,-3.0
2007,XK,-81604.0
2007,YE,115879.0
2007,ZA,120424.0
2007,ZM,113055.0
2007,ZW,-44178.0
2008,AD,-9.0
2008,AE,6.0
2008,AF,-3136850.0
2008,AG,-52.0
2008,AL,-16665.0
2008,AM,-15984.0
2008,AO,-169292.0
2008,AR,1425.0
2008,AT,78963.0
2008,AU,22667.0
2008,AZ,-15595.0
2008,BA,-94789.0
2008,BB,-83.0
2008,BD,11576.0
2008,BE,13815.0
2008,BF,126.0
2008,BG,2750.0
2008,BH,4.0
2008,BI,-357123.0
2008,BJ,7211.0
2008,BO,141.0
2008,BR,2546.0
2008,BS,-40.0
2008,BT,-106056.0
2008,BW,3035.0
2008,BY,-5805.0
2008,BZ,245.0
2008,CA,226135.0
2008,CD,16504.0
2008,CF,-117457.0
2008,CG,-282256.0
2008,CH,71894.0
2008,CI,-3639.0
2008,CL,1271.0
2008,CM,70894.0
2008,CN,107350.0
2008,CO,-425943.0
2008,CR,11968.0
2008,CU,-8286.0
2008,CY,7929.0
2008,CZ,1388.0
2008,DE,732144.0
2008,DJ,8945.0
2008,DK,26048.0
2008,DM,-79.0
2008,DO,-588.0
2008,DZ,80385.0
2008,EC,133467.0
2008,EE,-257.0
2008,EG,35919.0
2008,EH,-116561.0
2008,ER,-196751.0
2008,ES,4522.0
2008,ET,62.0
2008,FI,10320.0
2008,FJ,-2063.0
2008,FR,146358.0
2008,GA,13123.0
2008,GB,210673.0
2008,GD,-378.0
2008,GE,-16639.0
2008,GF,-1.0
2008,GH,16541.0
2008,GI,-1.0
2008,GM,12607.0
2008,GN,11075.0
2008,GQ,-431.0
2008,GR,7318.0
2008,GT,-16052.0
2008,GW,6871.0
2008,GY,-984.0
2008,HN,-2034.0
2008,HR,-166469.0
2008,HT,-35734.0
2008,HU,11297.0
2008,ID,-20821.0
2008,IE,14125.0
2008,IL,12288.0
2008,IN,163452.0
2008,IQ,-1918855.0
2008,IR,908646.0
2008,IS,100.0
2008,IT,47649.0
2008,JM,-1230.0
2008,JO,499729.0
2008,JP,3341.0
2008,KE,326632.0
2008,KG,-1769.0
2008,KH,-16931.0
2008,KI,-39.0
2008,KM,-418.0
2008,KN,-12.0
2008,KP,-1097.0
2008,KR,-154.0
2008,KW,33666.0
2008,KZ,-934.0
2008,LA,-8780.0
2008,LB,35745.0
2008,LC,-623.0
2008,LI,157.0
2008,LK,-145909.0
2008,LR,-78151.0
2008,LS,-25.0
2008,LT,296.0
2008,LU,62.0
2008,LV,-727.0
2008,LY,5842.0
2008,MA,-2860.0
2008,MD,-6268.0
2008,ME,39681.0
2008,MG,-294.0
2008,MK,-4957.0
2008,ML,8986.0
2008,MM,-206750.0
2008,MN,-3392.0
2008,MR,-26306.0
2008,MT,4199.0
2008,MU,-49.0
2008,MV,-17.0
2008,MW,2500.0
2008,MX,-22535.0
2008,MY,106422.0
2008,MZ,7285.0
2008,NC,-2.0
2008,NE,-723.0
2008,NG,-12950.0
2008,NI,-1858.0
2008,NL,75939.0
2008,NO,51744.0
2008,NP,99510.0
2008,NR,-4.0
2008,NZ,2082.0
2008,OM,-6.0
2008,PA,17378.0
2008,PE,-8096.0
2008,PG,9948.0
2008,PH,-63331.0
2008,PK,2019403.0
2008,PL,14527.0
2008,PT,308.0
2008,PW,-1.0
2008,PY,-54.0
2008,QA,-24.0
2008,RO,-2901.0
2008,RS,-115496.0
2008,RU,-113940.0
2008,RW,-34968.0
2008,SA,117.0
2008,SB,-52.0
2008,SC,-69.0
2008,SD,-341647.0
2008,SE,104617.0
2008,SG,-115.0
2008,SI,438.0
2008,SK,-141.0
2008,SL,-26184.0
2008,SM,-2.0
2008,SN,26079.0
2008,SO,-572094.0
2008,SR,-62.0
2008,SV,-16279.0
2008,SY,1089368.0
2008,SZ,1090.0
2008,TC,-1.0
2008,TD,284417.0
2008,TG,-12846.0
2008,TH,123246.0
2008,TJ,1166.0
2008,TL,8.0
2008,TM,-765.0
2008,TN,-2586.0
2008,TO,-33.0
2008,TR,-204075.0
2008,TT,-338.0
2008,TV,-2.0
2008,TZ,428822.0
2008,UA,-21875.0
2008,UG,227416.0
2008,US,343859.0
2008,UY,-84.0
2008,UZ,-7312.0
2008,VC,-1494.0
2008,VE,205757.0
2008,VN,-327940.0
2008,VU,5.0
2008,WS,-4.0
2008,XK,-115496.0
2008,YE,138341.0
2008,ZA,120392.0
2008,ZM,92897.0
2008,ZW,-47601.0
2009,AD,-8.0
2009,AE,475.0
2009,AF,-2976560.0
2009,AG,-70.0
2009,AL,-17148.0
2009,AM,-18435.0
2009,AO,-125194.0
2009,AR,2355.0
2009,AT,75699.0
2009,AU,24429.0
2009,AZ,-17204.0
2009,BA,-87485.0
2009,BB,-95.0
2009,BD,216324.0
2009,BE,13947.0
2009,BF,-297.0
2009,BG,3224.0
2009,BH,68.0
2009,BI,-100104.0
2009,BJ,6928.0
2009,BO,-24.0
2009,BR,3010.0
2009,BS,-47.0
2009,BT,-90078.0
2009,BW,3054.0
2009,BY,-5840.0
2009,BZ,215.0
2009,CA,228866.0
2009,CD,92559.0
2009,CF,-132196.0
2009,CG,-329968.0
2009,CH,71031.0
2009,CI,-3267.0
2009,CK,-1.0
2009,CL,-1492.0
2009,CM,85297.0
2009,CN,102927.0
2009,CO,-453833.0
2009,CR,12462.0
2009,CU,-9319.0
2009,CY,5481.0
2009,CZ,365.0
2009,DE,767905.0
2009,DJ,12248.0
2009,DK,23714.0
2009,DM,-75.0
2009,DO,-637.0
2009,DZ,80550.0
2009,EC,165578.0
2009,EE,-245.0
2009,EG,31662.0
2009,EH,-116495.0
2009,ER,-218685.0
2009,ES,3741.0
2009,ET,13721.0
2009,FI,12075.0
2009,FJ,-2246.0
2009,FR,160497.0
2009,GA,12964.0
2009,GB,196022.0
2009,GD,-423.0
2009,GE,-18868.0
2009,GF,-2.0
2009,GH,-1133.0
2009,GI,-1.0
2009,GM,9385.0
2009,GN,2654.0
2009,GQ,-384.0
2009,GR,1515.0
2009,GT,-14746.0
2009,GW,6746.0
2009,GY,-1052.0
2009,HN,-2145.0
2009,HR,-137940.0
2009,HT,-36000.0
2009,HU,3730.0
2009,ID,-17955.0
2009,IE,12072.0
2009,IL,18600.0
2009,IN,167933.0
2009,IQ,-1821399.0
2009,IR,997464.0
2009,IS,86.0
2009,IT,54646.0
2009,JM,-1458.0
2009,JO,450826.0
2009,JP,3916.0
2009,KE,365501.0
2009,KG,-2103.0
2009,KH,-16963.0
2009,KI,-34.0
2009,KM,-281.0
2009,KN,-17.0
2009,KP,-1010.0
2009,KR,-303.0
2009,KW,1837.0
2009,KY,5.0
2009,KZ,117.0
2009,LA,-8592.0
2009,LB,33257.0
2009,LC,-908.0
2009,LI,192.0
2009,LK,-154208.0
2009,LR,-65223.0
2009,LS,-14.0
2009,LT,236.0
2009,LU,636.0
2009,LV,-787.0
2009,LY,5792.0
2009,MA,-1824.0
2009,MC,-1.0
2009,MD,-6480.0
2009,ME,37887.0
2009,MG,-306.0
2009,MK,-5425.0
2009,ML,11576.0
2009,MM,-429258.0
2009,MN,-3766.0
2009,MR,-25127.0
2009,MT,7108.0
2009,MU,-40.0
2009,MV,-16.0
2009,MW,10080.0
2009,MX,-25520.0
2009,MY,136852.0
2009,MZ,7593.0
2009,NE,-737.0
2009,NG,-14917.0
2009,NI,-1794.0
2009,NL,90160.0
2009,NO,55317.0
2009,NP,82512.0
2009,NZ,3093.0
2009,OM,-34.0
2009,PA,17596.0
2009,PE,-10517.0
2009,PG,9935.0
2009,PH,-62922.0
2009,PK,1754535.0
2009,PL,15386.0
2009,PT,304.0
2009,PW,12.0
2009,PY,-16.0
2009,QA,-36.0
2009,RO,-3320.0
2009,RS,-134129.0
2009,RU,-116537.0
2009,RW,-97415.0
2009,SA,-36.0
2009,SB,-66.0
2009,SC,-58.0
2009,SD,-226459.0
2009,SE,107076.0
2009,SG,-86.0
2009,SI,479.0
2009,SK,-282.0
2009,SL,-13921.0
2009,SM,-2.0
2009,SN,19993.0
2009,SO,-672985.0
2009,SR,-56.0
2009,SV,-14714.0
2009,SY,1051210.0
2009,SZ,1286.0
2009,TC,-1.0
2009,TD,275102.0
2009,TG,-10937.0
2009,TH,114627.0
2009,TJ,3381.0
2009,TL,4.0
2009,TM,-753.0
2009,TN,-2653.0
2009,TO,-30.0
2009,TR,-138894.0
2009,TT,-279.0
2009,TZ,148555.0
2009,UA,-16776.0
2009,UG,192143.0
2009,US,334843.0
2009,UY,-52.0
2009,UZ,-7707.0
2009,VC,-1921.0
2009,VE,207894.0
2009,VG,6.0
2009,VN,-338321.0
2009,VU,2.0
2009,WS,-1.0
2009,XK,-134129.0
2009,YE,169211.0
2009,ZA,35670.0
2009,ZM,75853.0
2009,ZW,-19232.0
2010,AD,-8.0
2010,AE,153.0
2010,AF,-3204569.0
2010,AG,-61.0
2010,AL,-16003.0
2010,AM,-17185.0
2010,AO,-116815.0
2010,AR,2707.0
2010,AT,69801.0
2010,AU,24781.0
2010,AW,0.0
2010,AZ,-16897.0
2010,BA,-78530.0
2010,BB,-95.0
2010,BD,212692.0
2010,BE,14229.0
2010,BF,-576.0
2010,BG,4077.0
2010,BH,121.0
2010,BI,-53802.0
2010,BJ,6610.0
2010,BM,-1.0
2010,BO,13.0
2010,BR,3943.0
2010,BS,-10.0
2010,BT,-76092.0
2010,BW,3105.0
2010,BY,-5830.0
2010,BZ,133.0
2010,CA,214707.0
2010,CD,114901.0
2010,CF,-143675.0
2010,CG,-354699.0
2010,CH,67315.0
2010,CI,-20457.0
2010,CK,-2.0
2010,CL,-14.0
2010,CM,89655.0
2010,CN,109284.0
2010,CO,-455582.0
2010,CR,12358.0
2010,CU,-11461.0
2010,CY,5490.0
2010,CZ,1443.0
2010,DE,779732.0
2010,DJ,15045.0
2010,DK,22998.0
2010,DM,-70.0
2010,DO,1716.0
2010,DZ,82025.0
2010,EC,170015.0
2010,EE,-211.0
2010,EG,31323.0
2010,EH,-116449.0
2010,ER,-231099.0
2010,ES,6125.0
2010,ET,37633.0
2010,FI,11343.0
2010,FJ,-2144.0
2010,FR,168152.0
2010,GA,12993.0
2010,GB,172308.0
2010,GD,-406.0
2010,GE,-17152.0
2010,GF,-1.0
2010,GH,-7466.0
2010,GI,-2.0
2010,GM,5184.0
2010,GN,224.0
2010,GQ,-384.0
2010,GR,48103.0
2010,GT,-6568.0
2010,GW,6536.0
2010,GY,-912.0
2010,HN,-2102.0
2010,HR,-118006.0
2010,HT,-33093.0
2010,HU,842.0
2010,ID,-14456.0
2010,IE,14371.0
2010,IL,27708.0
2010,IN,171534.0
2010,IQ,-1695602.0
2010,IR,1000428.0
2010,IS,119.0
2010,IT,60466.0
2010,JM,-1591.0
2010,JO,450245.0
2010,JP,4202.0
2010,KE,420358.0
2010,KG,-1301.0
2010,KH,-16271.0
2010,KI,-37.0
2010,KM,-381.0
2010,KN,-20.0
2010,KP,-1195.0
2010,KR,-43.0
2010,KW,2002.0
2010,KY,4.0
2010,KZ,337.0
2010,LA,-8485.0
2010,LB,-7922.0
2010,LC,-1011.0
2010,LI,189.0
2010,LK,-154379.0
2010,LR,-46724.0
2010,LS,-16.0
2010,LT,234.0
2010,LU,893.0
2010,LV,-779.0
2010,LY,5540.0
2010,MA,-2090.0
2010,MC,-1.0
2010,MD,-6614.0
2010,ME,24772.0
2010,MG,-291.0
2010,MK,-7503.0
2010,ML,11195.0
2010,MM,-437940.0
2010,MN,-3513.0
2010,MR,-12931.0
2010,MS,14.0
2010,MT,6764.0
2010,MU,-71.0
2010,MV,-22.0
2010,MW,14993.0
2010,MX,-15218.0
2010,MY,171906.0
2010,MZ,9836.0
2010,NE,-791.0
2010,NG,-16981.0
2010,NI,-1534.0
2010,NL,84661.0
2010,NO,53232.0
2010,NP,69106.0
2010,NZ,2382.0
2010,OM,20.0
2010,PA,17400.0
2010,PE,-9120.0
2010,PG,9568.0
2010,PH,-81293.0
2010,PK,1952089.0
2010,PL,15710.0
2010,PT,337.0
2010,PY,5.0
2010,QA,-52.0
2010,RO,-2867.0
2010,RS,-134635.0
2010,RU,-116384.0
2010,RW,-81059.0
2010,SA,-103.0
2010,SB,-75.0
2010,SC,-53.0
2010,SD,-234010.0
2010,SE,105008.0
2010,SG,-82.0
2010,SI,434.0
2010,SK,-127.0
2010,SL,-5932.0
2010,SM,-2.0
2010,SN,6417.0
2010,SO,-767006.0
2010,SR,-24.0
2010,SV,-6475.0
2010,SY,979740.0
2010,SZ,671.0
2010,TC,-3.0
2010,TD,295584.0
2010,TG,-5184.0
2010,TH,106322.0
2010,TJ,3917.0
2010,TL,-4.0
2010,TM,-742.0
2010,TN,-2634.0
2010,TO,-14.0
2010,TR,-137683.0
2010,TT,-270.0
2010,TZ,109928.0
2010,UA,-20504.0
2010,UG,158339.0
2010,US,267002.0
2010,UY,-28.0
2010,UZ,-10145.0
2010,VC,-1993.0
2010,VE,210070.0
2010,VG,2.0
2010,VN,-337967.0
2010,VU,1.0
2010,WS,-3.0
2010,XK,-134635.0
2010,YE,189285.0
2010,ZA,45643.0
2010,ZM,57511.0
2010,ZW,-20434.0
2011,AD,-6.0
2011,AE,1490.0
2011,AF,-2769811.0
2011,AG,-65.0
2011,AL,-16193.0
2011,AM,-16206.0
2011,AO,-114023.0
2011,AR,3458.0
2011,AT,71424.0
2011,AU,28083.0
2011,AW,4.0
2011,AZ,-16559.0
2011,BA,-75669.0
2011,BB,-120.0
2011,BD,214361.0
2011,BE,33966.0
2011,BF,-408.0
2011,BG,4383.0
2011,BH,68.0
2011,BI,-231221.0
2011,BJ,6945.0
2011,BM,-5.0
2011,BO,-29.0
2011,BR,7856.0
2011,BS,-180.0
2011,BT,-59009.0
2011,BW,3388.0
2011,BY,-6199.0
2011,BZ,83.0
2011,CA,205262.0
2011,CD,121184.0
2011,CF,-141800.0
2011,CG,-375285.0
2011,CH,72557.0
2011,CI,-282190.0
2011,CK,-1.0
2011,CL,160.0
2011,CM,88608.0
2011,CN,100015.0
2011,CO,-438213.0
2011,CR,12660.0
2011,CU,-8404.0
2011,CY,4401.0
2011,CZ,989.0
2011,DE,757457.0
2011,DJ,21359.0
2011,DK,15584.0
2011,DM,-62.0
2011,DO,1777.0
2011,DZ,82613.0
2011,EC,143827.0
2011,EE,-207.0
2011,EG,35341.0
2011,EH,-116427.0
2011,ER,-261850.0
2011,ES,3742.0
2011,ET,186037.0
2011,FI,11795.0
2011,FJ,-1831.0
2011,FR,178082.0
2011,GA,13243.0
2011,GB,166961.0
2011,GD,-367.0
2011,GE,-12543.0
2011,GH,3824.0
2011,GI,-2.0
2011,GM,5778.0
2011,GN,-556.0
2011,GQ,-308.0
2011,GR,1456.0
2011,GT,-7041.0
2011,GW,6263.0
2011,GY,-869.0
2011,HN,-2797.0
2011,HR,-113083.0
2011,HT,-41125.0
2011,HU,-2218.0
2011,ID,-12280.0
2011,IE,12892.0
2011,IL,43707.0
2011,IN,169976.0
2011,IQ,-1498377.0
2011,IR,832952.0
2011,IS,139.0
2011,IT,57336.0
2011,JM,-1812.0
2011,JO,457719.0
2011,JP,4478.0
2011,KE,591467.0
2011,KG,1774.0
2011,KH,-15257.0
2011,KI,-36.0
2011,KM,-455.0
2011,KN,-24.0
2011,KP,-1601.0
2011,KR,725.0
2011,KW,149.0
2011,KY,1.0
2011,KZ,121.0
2011,LA,-8111.0
2011,LB,-340.0
2011,LC,-1108.0
2011,LI,213.0
2011,LK,-148836.0
2011,LR,195302.0
2011,LS,-138.0
2011,LT,241.0
2011,LU,1.0
2011,LV,-540.0
2011,LY,-126228.0
2011,MA,-2148.0
2011,MC,-4.0
2011,MD,-6536.0
2011,ME,23690.0
2011,MG,-301.0
2011,MK,-6850.0
2011,ML,13422.0
2011,MM,-438738.0
2011,MN,-3430.0
2011,MR,-15082.0
2011,MS,5.0
2011,MT,7752.0
2011,MU,-148.0
2011,MV,-23.0
2011,MW,13729.0
2011,MX,-10507.0
2011,MY,176723.0
2011,MZ,13168.0
2011,NE,-680.0
2011,NG,-17338.0
2011,NI,-1515.0
2011,NL,81775.0
2011,NO,51157.0
2011,NP,50122.0
2011,NR,-3.0
2011,NU,-7.0
2011,NZ,2066.0
2011,OM,282.0
2011,PA,17921.0
2011,PE,-4280.0
2011,PG,9201.0
2011,PH,-81102.0
2011,PK,1703314.0
2011,PL,16507.0
2011,PT,499.0
2011,PW,2.0
2011,PY,20.0
2011,QA,27.0
2011,RO,-2045.0
2011,RS,-115315.0
2011,RU,-120812.0
2011,RW,-68988.0
2011,SA,-28.0
2011,SB,-76.0
2011,SC,-48.0
2011,SD,-358731.0
2011,SE,108826.0
2011,SG,-87.0
2011,SI,297.0
2011,SK,-221.0
2011,SL,-2841.0
2011,SM,-1.0
2011,SN,5616.0
2011,SO,-1100648.0
2011,SR,-25.0
2011,SV,-8313.0
2011,SY,736959.0
2011,SZ,582.0
2011,TC,-20.0
2011,TD,358166.0
2011,TG,-1218.0
2011,TH,102035.0
2011,TJ,4407.0
2011,TL,-7.0
2011,TM,-746.0
2011,TN,149992.0
2011,TO,-30.0
2011,TR,-111738.0
2011,TT,-360.0
2011,TV,-2.0
2011,TZ,292672.0
2011,UA,-19800.0
2011,UG,164085.0
2011,US,273473.0
2011,UY,-6.0
2011,UZ,-13966.0
2011,VC,-2032.0
2011,VE,211234.0
2011,VG,2.0
2011,VN,-338229.0
2011,VU,-1.0
2011,WS,-1.0
2011,XK,-115315.0
2011,YE,217365.0
2011,ZA,108524.0
2011,ZM,48665.0
2011,ZW,-56417.0
2012,AD,-7.0
2012,AE,1609.0
2012,AF,-2732008.0
2012,AG,-79.0
2012,AL,-16884.0
2012,AM,-10093.0
2012,AO,-92796.0
2012,AR,4369.0
2012,AT,76556.0
2012,AU,39655.0
2012,AW,6.0
2012,AZ,-16133.0
2012,BA,-66158.0
2012,BB,-113.0
2012,BD,212333.0
2012,BE,30978.0
2012,BF,38052.0
2012,BG,-86.0
2012,BH,-68.0
2012,BI,-236112.0
2012,BJ,4338.0
2012,BM,-4.0
2012,BO,-43.0
2012,BR,10323.0
2012,BS,-182.0
2012,BT,-41693.0
2012,BW,3280.0
2012,BY,-6581.0
2012,BZ,57.0
2012,CA,194726.0
2012,CD,133949.0
2012,CF,-149806.0
2012,CG,-456012.0
2012,CH,76508.0
2012,CI,-162685.0
2012,CK,-1.0
2012,CL,267.0
2012,CM,87400.0
2012,CN,93335.0
2012,CO,-412461.0
2012,CR,12915.0
2012,CU,-8171.0
2012,CY,4092.0
2012,CZ,2426.0
2012,DE,779924.0
2012,DJ,21282.0
2012,DK,14331.0
2012,DM,-66.0
2012,DO,878.0
2012,DZ,83658.0
2012,EC,137020.0
2012,EE,-417.0
2012,EG,43459.0
2012,EH,-116578.0
2012,ER,-302369.0
2012,ES,6584.0
2012,ET,204206.0
2012,FI,11984.0
2012,FJ,-1572.0
2012,FR,204238.0
2012,GA,4140.0
2012,GB,136154.0
2012,GD,-364.0
2012,GE,-12908.0
2012,GH,-4302.0
2012,GI,-2.0
2012,GM,5333.0
2012,GN,-7138.0
2012,GQ,-314.0
2012,GR,1896.0
2012,GT,-7558.0
2012,GW,5806.0
2012,GY,-872.0
2012,HN,-3408.0
2012,HR,-113244.0
2012,HT,-46765.0
2012,HU,-869.0
2012,ID,-8330.0
2012,IE,10970.0
2012,IL,46721.0
2012,IN,169338.0
2012,IQ,-759801.0
2012,IR,790142.0
2012,IS,173.0
2012,IT,78192.0
2012,JM,-1885.0
2012,JO,305393.0
2012,JP,5557.0
2012,KE,561790.0
2012,KG,602.0
2012,KH,-14134.0
2012,KI,-43.0
2012,KM,-504.0
2012,KN,-35.0
2012,KP,-2159.0
2012,KR,1070.0
2012,KW,230.0
2012,KY,2.0
2012,KZ,-154.0
2012,LA,-7992.0
2012,LB,118899.0
2012,LC,-1079.0
2012,LI,167.0
2012,LK,-147873.0
2012,LR,84683.0
2012,LS,-261.0
2012,LT,345.0
2012,LU,-1.0
2012,LV,-479.0
2012,LY,2883.0
2012,MA,-1324.0
2012,MC,-4.0
2012,MD,-6339.0
2012,ME,22936.0
2012,MG,-328.0
2012,MH,-2.0
2012,MK,-9579.0
2012,ML,-137501.0
2012,MM,-441006.0
2012,MN,-3049.0
2012,MR,38274.0
2012,MS,5.0
2012,MT,8372.0
2012,MU,-180.0
2012,MV,-56.0
2012,MW,11923.0
2012,MX,-10164.0
2012,MY,180926.0
2012,MZ,11575.0
2012,NE,49424.0
2012,NG,-27849.0
2012,NI,-1515.0
2012,NL,78741.0
2012,NO,50995.0
2012,NP,31600.0
2012,NR,379.0
2012,NU,-10.0
2012,NZ,1751.0
2012,OM,343.0
2012,PA,17655.0
2012,PE,-3899.0
2012,PG,9313.0
2012,PH,-81156.0
2012,PK,1651656.0
2012,PL,16273.0
2012,PT,570.0
2012,PW,2.0
2012,PY,18.0
2012,QA,6.0
2012,RO,-2075.0
2012,RS,-110881.0
2012,RU,-123367.0
2012,RW,-59232.0
2012,SA,36.0
2012,SB,-65.0
2012,SC,-30.0
2012,SD,-267825.0
2012,SE,116717.0
2012,SG,-95.0
2012,SI,336.0
2012,SK,-214.0
2012,SL,-4834.0
2012,SM,-1.0
2012,SN,1406.0
2012,SO,-1159724.0
2012,SR,-31.0
2012,SV,-9774.0
2012,SY,-294997.0
2012,SZ,697.0
2012,TC,-1.0
2012,TD,348298.0
2012,TG,5596.0
2012,TH,98410.0
2012,TJ,3272.0
2012,TL,-15.0
2012,TM,-809.0
2012,TN,-1437.0
2012,TO,-51.0
2012,TR,215239.0
2012,TT,-400.0
2012,TV,-6.0
2012,TZ,296842.0
2012,UA,-18773.0
2012,UG,230053.0
2012,US,276269.0
2012,UY,14.0
2012,UZ,-12857.0
2012,VC,-1805.0
2012,VE,195846.0
2012,VG,2.0
2012,VN,-338411.0
2012,VU,1.0
2012,WS,-13.0
2012,XK,-110881.0
2012,YE,239715.0
2012,ZA,141545.0
2012,ZM,50999.0
2012,ZW,-59061.0
2013,AD,-5.0
2013,AE,1358.0
2013,AF,-2654886.0
2013,AG,-77.0
2013,AL,-20490.0
2013,AM,-3574.0
2013,AO,-66367.0
2013,AR,3262.0
2013,AT,80445.0
2013,AU,45712.0
2013,AW,6.0
2013,AZ,-12769.0
2013,BA,-41954.0
2013,BB,-114.0
2013,BD,198533.0
2013,BE,32029.0
2013,BF,31256.0
2013,BG,6160.0
2013,BH,-27.0
2013,BI,-199537.0
2013,BJ,-278.0
2013,BM,-1.0
2013,BO,-60.0
2013,BR,20458.0
2013,BS,-210.0
2013,BT,-31734.0
2013,BW,3178.0
2013,BY,-4591.0
2013,BZ,-11.0
2013,CA,180564.0
2013,CD,102114.0
2013,CF,-241421.0
2013,CG,-424732.0
2013,CH,77662.0
2013,CI,-113061.0
2013,CK,-1.0
2013,CL,936.0
2013,CM,107815.0
2013,CN,83384.0
2013,CO,-412060.0
2013,CR,18698.0
2013,CU,-8173.0
2013,CY,4766.0
2013,CZ,2081.0
2013,DE,337191.0
2013,DJ,22687.0
2013,DK,14689.0
2013,DM,-62.0
2013,DO,393.0
2013,DZ,84728.0
2013,EC,131729.0
2013,EE,-284.0
2013,EG,159865.0
2013,EH,-116915.0
2013,ER,-334079.0
2013,ES,8203.0
2013,ET,244996.0
2013,FI,12809.0
2013,FJ,-1558.0
2013,FR,251538.0
2013,GA,3722.0
2013,GB,123230.0
2013,GD,-372.0
2013,GE,-17163.0
2013,GH,-5474.0
2013,GI,-2.0
2013,GM,2580.0
2013,GN,-16929.0
2013,GQ,-275.0
2013,GR,60627.0
2013,GT,-14881.0
2013,GW,6209.0
2013,GY,-929.0
2013,HN,-8555.0
2013,HR,-93115.0
2013,HT,-56129.0
2013,HU,1008.0
2013,ID,-5932.0
2013,IE,10602.0
2013,IL,46754.0
2013,IN,169088.0
2013,IQ,-262369.0
2013,IR,765784.0
2013,IS,331.0
2013,IT,90840.0
2013,JM,-2113.0
2013,JO,645293.0
2013,JP,7086.0
2013,KE,559083.0
2013,KG,-2744.0
2013,KH,-13897.0
2013,KI,-22.0
2013,KM,-842.0
2013,KN,-39.0
2013,KP,-2119.0
2013,KR,2021.0
2013,KW,579.0
2013,KY,5.0
2013,KZ,1066.0
2013,LA,-7795.0
2013,LB,852832.0
2013,LC,-964.0
2013,LI,151.0
2013,LK,-138432.0
2013,LR,53715.0
2013,LS,-665.0
2013,LT,681.0
2013,LU,2225.0
2013,LV,38.0
2013,LY,22289.0
2013,MA,764.0
2013,MC,-4.0
2013,MD,-2753.0
2013,ME,26191.0
2013,MG,-460.0
2013,MH,-8.0
2013,MK,-5135.0
2013,ML,-159051.0
2013,MM,-527805.0
2013,MN,-3311.0
2013,MR,59383.0
2013,MT,10158.0
2013,MU,-206.0
2013,MV,-57.0
2013,MW,12401.0
2013,MX,-18476.0
2013,MY,219520.0
2013,MZ,13626.0
2013,NE,62322.0
2013,NG,-50072.0
2013,NI,-1846.0
2013,NL,71070.0
2013,NO,50832.0
2013,NP,20040.0
2013,NR,509.0
2013,NU,-14.0
2013,NZ,1417.0
2013,OM,436.0
2013,PA,18161.0
2013,PE,-3765.0
2013,PG,9412.0
2013,PH,-81351.0
2013,PK,1556816.0
2013,PL,16789.0
2013,PT,700.0
2013,PW,-6.0
2013,PY,12.0
2013,QA,119.0
2013,RO,-1646.0
2013,RS,-17061.0
2013,RU,-97967.0
2013,RW,-30554.0
2013,SA,-170.0
2013,SB,-69.0
2013,SC,-31.0
2013,SD,-308198.0
2013,SE,135435.0
2013,SG,-96.0
2013,SI,265.0
2013,SK,110.0
2013,SL,-6390.0
2013,SM,-1.0
2013,SN,-7805.0
2013,SO,-1182252.0
2013,SR,-38.0
2013,SV,-20857.0
2013,SY,-2462099.0
2013,SZ,788.0
2013,TC,-10.0
2013,TD,398842.0
2013,TG,9745.0
2013,TH,143396.0
2013,TJ,3094.0
2013,TL,-17.0
2013,TM,-797.0
2013,TN,-2110.0
2013,TO,-80.0
2013,TR,725356.0
2013,TT,-402.0
2013,TV,-4.0
2013,TZ,262985.0
2013,UA,1400.0
2013,UG,208297.0
2013,US,342227.0
2013,UY,74.0
2013,UZ,-6596.0
2013,VC,-1761.0
2013,VE,195855.0
2013,VG,3.0
2013,VN,-316178.0
2013,VU,2.0
2013,WS,-10.0
2013,XK,-17061.0
2013,YE,247522.0
2013,ZA,149400.0
2013,ZM,53785.0
2013,ZW,-54702.0
2014,AD,-7.0
2014,AE,893.0
2014,AF,-2406124.0
2014,AG,-70.0
2014,AI,-1.0
2014,AL,-24708.0
2014,AM,-1104.0
2014,AO,-44057.0
2014,AR,3360.0
2014,AT,93510.0
2014,AU,54373.0
2014,AW,5.0
2014,AZ,-13395.0
2014,BA,-32971.0
2014,BB,-105.0
2014,BD,199507.0
2014,BE,36111.0
2014,BF,36390.0
2014,BG,15073.0
2014,BH,-102.0
2014,BI,-199526.0
2014,BJ,-567.0
2014,BO,-91.0
2014,BR,45404.0
2014,BS,-152.0
2014,BT,-23834.0
2014,BW,2611.0
2014,BY,-4110.0
2014,BZ,-5.0
2014,CA,153972.0
2014,CD,51283.0
2014,CF,-424083.0
2014,CG,-412341.0
2014,CH,86348.0
2014,CI,-95210.0
2014,CK,-1.0
2014,CL,1100.0
2014,CM,259618.0
2014,CN,45291.0
2014,CO,-364614.0
2014,CR,19501.0
2014,CU,-9150.0
2014,CY,5855.0
2014,CZ,1993.0
2014,DE,467352.0
2014,DJ,23053.0
2014,DK,20705.0
2014,DM,-55.0
2014,DO,-143.0
2014,DZ,87912.0
2014,EC,114380.0
2014,EE,-187.0
2014,EG,161822.0
2014,EH,-117662.0
2014,ER,-414110.0
2014,ES,10420.0
2014,ET,269138.0
2014,FI,13483.0
2014,FJ,-1667.0
2014,FR,262477.0
2014,GA,2575.0
2014,GB,127711.0
2014,GD,-376.0
2014,GE,-12903.0
2014,GH,-8735.0
2014,GI,-2.0
2014,GM,-4164.0
2014,GN,-24144.0
2014,GP,-12.0
2014,GQ,-269.0
2014,GR,15270.0
2014,GT,-23015.0
2014,GW,5695.0
2014,GY,-833.0
2014,HN,-14265.0
2014,HR,-71931.0
2014,HT,-73124.0
2014,HU,27284.0
2014,ID,-4495.0
2014,IE,9565.0
2014,IL,38335.0
2014,IN,177552.0
2014,IQ,-218787.0
2014,IR,868799.0
2014,IS,271.0
2014,IT,140122.0
2014,JM,-2273.0
2014,JO,670269.0
2014,JP,9620.0
2014,KE,485154.0
2014,KG,-3671.0
2014,KH,-13230.0
2014,KI,-5.0
2014,KM,-930.0
2014,KN,-33.0
2014,KP,-1522.0
2014,KR,3507.0
2014,KW,398.0
2014,KY,47.0
2014,KZ,-431.0
2014,LA,-7599.0
2014,LB,1155854.0
2014,LC,-952.0
2014,LI,212.0
2014,LK,-138343.0
2014,LR,36364.0
2014,LS,-638.0
2014,LT,899.0
2014,LU,2812.0
2014,LV,139.0
2014,LY,23536.0
2014,MA,-2017.0
2014,MC,-9.0
2014,MD,-3256.0
2014,ME,10529.0
2014,MG,-479.0
2014,MH,-9.0
2014,MK,-6307.0
2014,ML,-156685.0
2014,MM,-530764.0
2014,MN,-4626.0
2014,MR,39450.0
2014,MT,5588.0
2014,MU,-259.0
2014,MV,-45.0
2014,MW,16188.0
2014,MX,-35314.0
2014,MY,228839.0
2014,MZ,16391.0
2014,NE,152939.0
2014,NF,-1.0
2014,NG,-189728.0
2014,NI,-1975.0
2014,NL,82947.0
2014,NO,51676.0
2014,NP,8728.0
2014,NR,934.0
2014,NU,-46.0
2014,NZ,1637.0
2014,OM,368.0
2014,PA,18553.0
2014,PE,-3655.0
2014,PG,9360.0
2014,PH,-81488.0
2014,PK,1142895.0
2014,PL,16746.0
2014,PT,949.0
2014,PW,-4.0
2014,PY,38.0
2014,QA,191.0
2014,RO,-495.0
2014,RS,-48717.0
2014,RU,140497.0
2014,RW,-25744.0
2014,SA,-338.0
2014,SB,-88.0
2014,SC,-42.0
2014,SD,-317136.0
2014,SE,184375.0
2014,SG,-92.0
2014,SI,387.0
2014,SK,144.0
2014,SL,-8301.0
2014,SM,-1.0
2014,SN,-14734.0
2014,SO,-1148302.0
2014,SR,-62.0
2014,SV,-28970.0
2014,SY,-3817276.0
2014,SZ,491.0
2014,TC,-7.0
2014,TD,430865.0
2014,TG,11569.0
2014,TH,137306.0
2014,TJ,595.0
2014,TL,-17.0
2014,TM,-1177.0
2014,TN,-2299.0
2014,TO,-105.0
2014,TR,1617347.0
2014,TT,-374.0
2014,TV,-6.0
2014,TZ,250260.0
2014,UA,-244303.0
2014,UG,256726.0
2014,US,446469.0
2014,UY,157.0
2014,UZ,-6751.0
2014,VC,-1782.0
2014,VE,161190.0
2014,VG,-1.0
2014,VN,-316635.0
2014,VU,0.0
2014,WS,-11.0
2014,XK,-48717.0
2014,YE,262379.0
2014,ZA,217114.0
2014,ZM,51235.0
2014,ZW,-55926.0
2015,AD,-9.0
2015,AE,1011.0
2015,AF,-2729023.0
2015,AG,-53.0
2015,AI,0.0
2015,AL,-51569.0
2015,AM,-351.0
2015,AO,-9055.0
2015,AR,3377.0
2015,AT,150504.0
2015,AU,54771.0
2015,AW,2.0
2015,AZ,-13376.0
2015,BA,-28131.0
2015,BB,-124.0
2015,BD,189207.0
2015,BE,44780.0
2015,BF,30983.0
2015,BG,23606.0
2015,BH,-140.0
2015,BI,-426304.0
2015,BJ,-869.0
2015,BO,-145.0
2015,BR,32170.0
2015,BS,-193.0
2015,BT,-17947.0
2015,BW,1941.0
2015,BY,-3517.0
2015,BZ,606.0
2015,CA,144751.0
2015,CD,33435.0
2015,CF,-513872.0
2015,CG,-214295.0
2015,CH,107353.0
2015,CI,-94405.0
2015,CK,-1.0
2015,CL,1633.0
2015,CM,341606.0
2015,CN,33425.0
2015,CO,-348417.0
2015,CR,5406.0
2015,CU,-8930.0
2015,CY,13337.0
2015,CZ,2581.0
2015,DE,760669.0
2015,DJ,20383.0
2015,DK,27917.0
2015,DM,-125.0
2015,DO,-719.0
2015,DZ,86407.0
2015,EC,110106.0
2015,EE,-114.0
2015,EG,146415.0
2015,EH,-117993.0
2015,ER,-467046.0
2015,ES,15876.0
2015,ET,298738.0
2015,FI,36757.0
2015,FJ,-1293.0
2015,FR,283065.0
2015,GA,2475.0
2015,GB,135167.0
2015,GD,-321.0
2015,GE,-13041.0
2015,GH,-14418.0
2015,GI,-2.0
2015,GM,-13467.0
2015,GN,-25830.0
2015,GP,-23.0
2015,GQ,-244.0
2015,GR,28794.0
2015,GT,-36887.0
2015,GW,5398.0
2015,GY,-726.0
2015,HN,-26262.0
2015,HR,-58909.0
2015,HT,-50296.0
2015,HU,37930.0
2015,ID,-2960.0
2015,IE,10945.0
2015,IL,31619.0
2015,IN,173603.0
2015,IQ,-234807.0
2015,IR,841577.0
2015,IS,339.0
2015,IT,178140.0
2015,JM,-2681.0
2015,JO,685244.0
2015,JP,15579.0
2015,KE,491371.0
2015,KG,-4252.0
2015,KH,-12879.0
2015,KI,-5.0
2015,KM,-784.0
2015,KN,-48.0
2015,KP,-1315.0
2015,KR,6282.0
2015,KW,91.0
2015,KY,10.0
2015,KZ,-3029.0
2015,LA,-7528.0
2015,LB,1075419.0
2015,LC,-1062.0
2015,LI,304.0
2015,LK,-135736.0
2015,LR,37567.0
2015,LS,-1076.0
2015,LT,950.0
2015,LU,4083.0
2015,LV,104.0
2015,LY,19359.0
2015,MA,-1969.0
2015,MC,-5.0
2015,MD,-5169.0
2015,ME,54.0
2015,MG,-443.0
2015,MH,-9.0
2015,MK,-14662.0
2015,ML,-151956.0
2015,MM,-512864.0
2015,MN,-5719.0
2015,MR,36211.0
2015,MT,6979.0
2015,MU,-312.0
2015,MV,-70.0
2015,MW,17383.0
2015,MX,-53315.0
2015,MY,230723.0
2015,MZ,18186.0
2015,NE,123760.0
2015,NF,-1.0
2015,NG,-217610.0
2015,NI,-2264.0
2015,NL,108524.0
2015,NO,72105.0
2015,NP,38.0
2015,NR,700.0
2015,NU,-36.0
2015,NZ,1378.0
2015,OM,402.0
2015,PA,20130.0
2015,PE,-3249.0
2015,PG,9395.0
2015,PH,-82047.0
2015,PK,1263921.0
2015,PL,15563.0
2015,PT,1340.0
2015,PW,-4.0
2015,PY,51.0
2015,QA,216.0
2015,RO,-171.0
2015,RS,-56768.0
2015,RU,222004.0
2015,RW,-162040.0
2015,SA,-1070.0
2015,SB,-105.0
2015,SC,-42.0
2015,SD,-340839.0
2015,SE,302564.0
2015,SG,-103.0
2015,SI,429.0
2015,SJ,-1.0
2015,SK,18.0
2015,SL,-9111.0
2015,SM,-2.0
2015,SN,-18082.0
2015,SO,-1194612.0
2015,SR,-64.0
2015,SV,-46183.0
2015,SY,-5096775.0
2015,SZ,577.0
2015,TC,-11.0
2015,TD,423389.0
2015,TG,11866.0
2015,TH,115381.0
2015,TJ,162.0
2015,TL,-21.0
2015,TM,-1637.0
2015,TN,-3207.0
2015,TO,-86.0
2015,TR,2680273.0
2015,TT,-368.0
2015,TV,-3.0
2015,TZ,379900.0
2015,UA,-334297.0
2015,UG,305576.0
2015,US,549861.0
2015,UY,226.0
2015,UZ,-6782.0
2015,VC,-1865.0
2015,VE,153202.0
2015,VN,-317792.0
2015,VU,-1.0
2015,WS,-11.0
2015,XK,-56768.0
2015,YE,277161.0
2015,ZA,275664.0
2015,ZM,51806.0
2015,ZW,-68308.0
2016,AE,1184.0
2016,AF,-3197916.0
2016,AG,-105.0
2016,AL,-31895.0
2016,AM,-5841.0
2016,AO,12622.0
2016,AR,6428.0
2016,AT,166090.0
2016,AU,68066.0
2016,AZ,-16578.0
2016,BA,-24950.0
2016,BB,-183.0
2016,BD,236484.0
2016,BE,54420.0
2016,BF,29638.0
2016,BG,31735.0
2016,BH,-151.0
2016,BI,-538355.0
2016,BJ,-603.0
2016,BO,-166.0
2016,BR,62787.0
2016,BS,-386.0
2016,BT,-12009.0
2016,BW,2433.0
2016,BY,-3886.0
2016,BZ,2224.0
2016,CA,120293.0
2016,CD,38605.0
2016,CF,-547504.0
2016,CG,-206527.0
2016,CH,114176.0
2016,CI,-83126.0
2016,CL,3761.0
2016,CM,363476.0
2016,CN,37989.0
2016,CO,-323139.0
2016,CR,7036.0
2016,CU,-10578.0
2016,CY,15343.0
2016,CZ,2522.0
2016,DE,1232794.0
2016,DJ,23665.0
2016,DK,36310.0
2016,DM,-130.0
2016,DO,-1318.0
2016,DZ,86089.0
2016,EC,86501.0
2016,EE,-25.0
2016,EG,154783.0
2016,EH,-118643.0
2016,ER,-520416.0
2016,ES,31547.0
2016,ET,297605.0
2016,FI,23403.0
2016,FJ,-1294.0
2016,FR,301884.0
2016,GA,2192.0
2016,GB,141570.0
2016,GD,-163.0
2016,GE,-14238.0
2016,GH,-13773.0
2016,GM,-22496.0
2016,GN,-36478.0
2016,GQ,-209.0
2016,GR,72309.0
2016,GT,-58446.0
2016,GW,4977.0
2016,GY,-548.0
2016,HN,-45635.0
2016,HR,-46163.0
2016,HT,-75031.0
2016,HU,2503.0
2016,ID,-2665.0
2016,IE,9699.0
2016,IL,31784.0
2016,IN,172818.0
2016,IQ,-343315.0
2016,IR,799848.0
2016,IS,255.0
2016,IT,247827.0
2016,JM,-3092.0
2016,JO,716008.0
2016,JP,18893.0
2016,KE,429184.0
2016,KG,-4460.0
2016,KH,-12555.0
2016,KM,-778.0
2016,KN,-61.0
2016,KP,-1931.0
2016,KR,8069.0
2016,KW,41.0
2016,KY,31.0
2016,KZ,-3757.0
2016,LA,-7387.0
2016,LB,1016181.0
2016,LC,-1189.0
2016,LI,240.0
2016,LK,-132530.0
2016,LR,30334.0
2016,LS,-662.0
2016,LT,993.0
2016,LU,4559.0
2016,LV,187.0
2016,LY,17241.0
2016,MA,-2807.0
2016,MD,-5925.0
2016,ME,315.0
2016,MG,-269.0
2016,MK,-7230.0
2016,ML,-157903.0
2016,MM,-546537.0
2016,MN,-6067.0
2016,MR,33862.0
2016,MT,8050.0
2016,MU,-299.0
2016,MV,-83.0
2016,MW,32027.0
2016,MX,-65858.0
2016,MY,221303.0
2016,MZ,6149.0
2016,NE,166554.0
2016,NG,-293668.0
2016,NI,-2867.0
2016,NL,103745.0
2016,NO,63538.0
2016,NP,-7788.0
2016,NR,651.0
2016,NU,-19.0
2016,NZ,1197.0
2016,OM,642.0
2016,PA,21628.0
2016,PE,1080.0
2016,PG,8878.0
2016,PH,-82983.0
2016,PK,1565582.0
2016,PL,13271.0
2016,PT,1858.0
2016,PY,54.0
2016,QA,276.0
2016,RO,-886.0
2016,RS,-23266.0
2016,RU,134147.0
2016,RW,-151674.0
2016,SA,-1708.0
2016,SB,-145.0
2016,SC,-10.0
2016,SD,-353077.0
2016,SE,288390.0
2016,SG,-81.0
2016,SI,787.0
2016,SK,-393.0
2016,SL,-10056.0
2016,SN,-21534.0
2016,SO,-1084509.0
2016,SR,2.0
2016,SV,-81715.0
2016,SY,-5671975.0
2016,SZ,718.0
2016,TC,-14.0
2016,TD,445719.0
2016,TG,2394.0
2016,TH,110173.0
2016,TJ,-823.0
2016,TL,-14.0
2016,TM,-1369.0
2016,TN,-3039.0
2016,TO,-103.0
2016,TR,3032190.0
2016,TT,-247.0
2016,TZ,460248.0
2016,UA,-257392.0
2016,UG,331246.0
2016,US,707010.0
2016,UY,510.0
2016,UZ,-6770.0
2016,VC,-1461.0
2016,VE,120495.0
2016,VN,-333933.0
2016,WS,-5.0
2016,XK,-23266.0
2016,YE,246123.0
2016,ZA,165450.0
2016,ZM,56662.0
2016,ZW,-51426.0
